datetime,macd,signal,histogram,hist_color,macd_cross_up,macd_cross_down,macd_above_zero,macd_zero_cross_up,macd_zero_cross_down,bullish_momentum,bearish_momentum,weakening_bullish,weakening_bearish,macd_peak,macd_trough
2025-04-07 09:30:00+03:00,0.0,,,gray,False,False,False,False,False,False,False,False,False,False,False
2025-04-07 10:30:00+03:00,0.003988543127334765,,,gray,False,False,True,True,False,False,False,False,False,True,False
2025-04-07 11:30:00+03:00,-0.005695503995255535,,,gray,False,False,False,False,True,False,False,False,False,False,True
2025-04-07 12:30:00+03:00,0.019488726160886927,,,gray,False,False,True,True,False,False,False,False,False,False,False
2025-04-07 13:30:00+03:00,0.05495234368397206,,,gray,False,False,True,False,False,False,False,False,False,False,False
2025-04-07 14:30:00+03:00,0.10604255474324731,,,gray,False,False,True,False,False,False,False,False,False,False,False
2025-04-07 15:30:00+03:00,0.16081651253423246,,,gray,False,False,True,False,False,False,False,False,False,False,False
2025-04-07 16:30:00+03:00,0.28964738555216485,,,gray,False,False,True,False,False,False,False,False,False,False,False
2025-04-07 17:30:00+03:00,0.37132795300350097,0.11117427942334264,0.26015367358015834,gray,False,False,True,False,False,False,False,False,False,False,False
2025-04-08 09:30:00+03:00,0.4669885387568016,0.16306189484076505,0.3039266439160365,aqua,False,False,True,False,False,True,False,False,False,False,False
2025-04-08 10:30:00+03:00,0.5086940739141141,0.2191402871504072,0.2895537867637069,blue,False,False,True,False,False,False,False,True,False,False,False
2025-04-08 11:30:00+03:00,0.5236066379013451,0.2779516362500295,0.2456550016513156,blue,False,False,True,False,False,False,False,True,False,True,False
2025-04-08 12:30:00+03:00,0.5173573097539759,0.3332703677603727,0.18408694199360315,blue,False,False,True,False,False,False,False,True,False,False,False
2025-04-08 13:30:00+03:00,0.5105538458170926,0.383892756886275,0.12666108893081762,blue,False,False,True,False,False,False,False,True,False,False,True
2025-04-08 14:30:00+03:00,0.5233367822039412,0.43025878215968544,0.09307800004425576,blue,False,False,True,False,False,False,False,True,False,False,False
2025-04-08 15:30:00+03:00,0.551319818747487,0.4736480384056026,0.07767178034188443,blue,False,False,True,False,False,False,False,True,False,False,False
2025-04-08 16:30:00+03:00,0.5669610032901815,0.5044606625987156,0.06250034069146593,blue,False,False,True,False,False,False,False,True,False,True,False
2025-04-08 17:30:00+03:00,0.5408454449182969,0.5232959394781374,0.01754950544015954,blue,False,False,True,False,False,False,False,True,False,False,False
2025-04-09 09:30:00+03:00,0.47832355974951213,0.5245553862551051,-0.04623182650559299,red,False,True,True,False,False,False,True,False,False,False,False
2025-04-09 10:30:00+03:00,0.4039451761016082,0.5129166198314934,-0.10897144372988521,red,False,False,True,False,False,False,True,False,False,False,False
2025-04-09 11:30:00+03:00,0.33707960674185244,0.49219139414710533,-0.1551117874052529,red,False,False,True,False,False,False,True,False,False,False,False
2025-04-09 12:30:00+03:00,0.26090766941734955,0.46369698966525796,-0.2027893202479084,red,False,False,True,False,False,False,True,False,False,False,False
2025-04-09 13:30:00+03:00,0.14640352079478447,0.42323584244055706,-0.2768323216457726,red,False,False,True,False,False,False,True,False,False,False,False
2025-04-09 14:30:00+03:00,0.023912814628005208,0.36774429048767526,-0.34383147585967005,red,False,False,True,False,False,False,True,False,False,False,False
2025-04-09 15:30:00+03:00,-0.06913724183811354,0.2988046170892752,-0.36794185892738873,red,False,False,False,False,True,False,True,False,False,False,False
2025-04-09 16:30:00+03:00,-0.1332747326798298,0.2210006464259406,-0.35427537910577045,maroon,False,False,False,False,False,False,False,False,True,False,False
2025-04-09 17:30:00+03:00,-0.20115123192854156,0.13855657122073634,-0.3397078031492779,maroon,False,False,False,False,False,False,False,False,True,False,True
2025-04-10 09:30:00+03:00,-0.12121234148845161,0.07194147108318481,-0.19315381257163644,maroon,False,False,False,False,False,False,False,False,True,False,False
2025-04-10 10:30:00+03:00,-0.1050639455864868,0.015384902006729817,-0.12044884759321661,maroon,False,False,False,False,False,False,False,False,True,False,False
2025-04-10 11:30:00+03:00,-0.09121475853410033,-0.03220336080170938,-0.05901139773239095,maroon,False,False,False,False,False,False,False,False,True,False,False
2025-04-10 12:30:00+03:00,-0.0753362283026533,-0.06956379388170969,-0.005772434420943606,maroon,False,False,False,False,False,False,False,False,True,True,False
2025-04-10 13:30:00+03:00,-0.08198027181586554,-0.09493977083844858,0.012959499022583046,aqua,True,False,False,False,False,True,False,False,False,False,True
2025-04-10 14:30:00+03:00,-0.07029699408529666,-0.1054075273621488,0.03511053327685214,aqua,False,False,False,False,False,True,False,False,False,False,False
2025-04-10 15:30:00+03:00,-0.06831971412707816,-0.10531669094981153,0.03699697682273337,aqua,False,False,False,False,False,True,False,False,False,True,False
2025-04-10 16:30:00+03:00,-0.1345960282149008,-0.10546350156481941,-0.029132526650081383,red,False,True,False,False,False,False,True,False,False,False,False
2025-04-10 17:30:00+03:00,-0.2009422299586987,-0.10544027912372576,-0.09550195083497294,red,False,False,False,False,False,False,True,False,False,False,False
2025-04-11 09:30:00+03:00,-0.3335959684044951,-0.12903845989217505,-0.20455750851232007,red,False,False,False,False,False,False,True,False,False,False,False
2025-04-11 10:30:00+03:00,-0.4592523377892661,-0.16839272569248387,-0.29085961209678224,red,False,False,False,False,False,False,True,False,False,False,False
2025-04-11 11:30:00+03:00,-0.5141768535927937,-0.2153885140323387,-0.29878833956045503,red,False,False,False,False,False,False,True,False,False,False,False
2025-04-11 12:30:00+03:00,-0.5226313189539127,-0.2650879685491453,-0.2575433504047674,maroon,False,False,False,False,False,False,False,False,True,False,True
2025-04-11 13:30:00+03:00,-0.5201086234418142,-0.313768896507584,-0.2063397269342302,maroon,False,False,False,False,False,False,False,False,True,False,False
2025-04-11 14:30:00+03:00,-0.47870055705551806,-0.35914707017094194,-0.11955348688457612,maroon,False,False,False,False,False,False,False,False,True,False,False
2025-04-11 15:30:00+03:00,-0.46154397395009994,-0.40283865459572216,-0.05870531935437778,maroon,False,False,False,False,False,False,False,False,True,False,False
2025-04-11 16:30:00+03:00,-0.4476285762032006,-0.43762004881664435,-0.010008527386556276,maroon,False,False,False,False,False,False,False,False,True,False,False
2025-04-11 17:30:00+03:00,-0.3997163693704451,-0.4597060643068384,0.059989694936393334,aqua,True,False,False,False,False,True,False,False,False,False,False
2025-04-14 09:30:00+03:00,-0.27067156415975546,-0.45271446383520064,0.18204289967544518,aqua,False,False,False,False,False,True,False,False,False,False,False
2025-04-14 10:30:00+03:00,-0.18243768057344312,-0.4219572797001092,0.2395195991266661,aqua,False,False,False,False,False,True,False,False,False,False,False
2025-04-14 11:30:00+03:00,-0.12319544130301097,-0.37851490055680004,0.25531945925378907,aqua,False,False,False,False,False,True,False,False,False,False,False
2025-04-14 12:30:00+03:00,-0.07936518795006009,-0.3292631082230386,0.24989792027297852,blue,False,False,False,False,False,False,False,True,False,False,False
2025-04-14 13:30:00+03:00,-0.03215516989607892,-0.27504605782906805,0.24289088793298913,blue,False,False,False,False,False,False,False,True,False,False,False
2025-04-14 14:30:00+03:00,-0.014743843273777202,-0.22349531185331906,0.20875146857954185,blue,False,False,False,False,False,False,False,True,False,False,False
2025-04-14 15:30:00+03:00,0.011031464187297502,-0.17098692983805266,0.18201839402535017,blue,False,False,True,True,False,False,False,True,False,False,False
2025-04-14 16:30:00+03:00,0.023122992448421087,-0.11868119998787247,0.14180419243629355,blue,False,False,True,False,False,False,False,True,False,False,False
2025-04-14 17:30:00+03:00,0.02435551157977045,-0.07156210210451519,0.09591761368428564,blue,False,False,True,False,False,False,False,True,False,False,False
2025-04-15 09:30:00+03:00,0.04099808160000862,-0.03693214146454141,0.07793022306455002,blue,False,False,True,False,False,False,False,True,False,True,False
2025-04-15 10:30:00+03:00,0.037615440764867,-0.012481794649173613,0.05009723541404062,blue,False,False,True,False,False,False,False,True,False,False,True
2025-04-15 11:30:00+03:00,0.06644551122607822,0.008589422298502965,0.05785608892757526,aqua,False,False,True,False,False,True,False,False,False,False,False
2025-04-15 12:30:00+03:00,0.10024158884719725,0.028545730831531557,0.07169585801566569,aqua,False,False,True,False,False,True,False,False,False,False,False
2025-04-15 13:30:00+03:00,0.12956649038462587,0.04651480419605431,0.08305168618857156,aqua,False,False,True,False,False,True,False,False,False,False,False
2025-04-15 14:30:00+03:00,0.14707645195737484,0.06449483699951565,0.08258161495785919,blue,False,False,True,False,False,False,False,True,False,False,False
2025-04-15 15:30:00+03:00,0.15114191164195034,0.08006266449447708,0.07107924714747327,blue,False,False,True,False,False,False,False,True,False,True,False
2025-04-15 16:30:00+03:00,0.14462759965135774,0.09356317640591448,0.05106442324544326,blue,False,False,True,False,False,False,False,True,False,False,False
2025-04-15 17:30:00+03:00,0.11394374881022173,0.10351742498707574,0.010426323823145997,blue,False,False,True,False,False,False,False,True,False,False,False
2025-04-16 09:30:00+03:00,0.0965825810334735,0.10969348047968294,-0.01311089944620944,red,False,True,True,False,False,False,True,False,False,False,False
2025-04-16 10:30:00+03:00,0.06592539349773574,0.11283903078333503,-0.04691363728559929,red,False,False,True,False,False,False,True,False,False,False,True
2025-04-16 11:30:00+03:00,0.07306389656979206,0.11357440693263657,-0.040510510362844504,maroon,False,False,True,False,False,False,False,False,True,False,False
2025-04-16 12:30:00+03:00,0.07383525642539013,0.11064036999688022,-0.03680511357149009,maroon,False,False,True,False,False,False,False,False,True,True,False
2025-04-16 13:30:00+03:00,0.05764399825960709,0.10264898198298925,-0.04500498372338216,red,False,False,True,False,False,False,True,False,False,False,False
2025-04-16 14:30:00+03:00,0.04829017104896849,0.09167272854872187,-0.04338255749975338,maroon,False,False,True,False,False,False,False,False,True,False,True
2025-04-16 15:30:00+03:00,0.05636583542271012,0.08114205341325073,-0.02477621799054061,maroon,False,False,True,False,False,False,False,False,True,True,False
2025-04-16 16:30:00+03:00,0.05407318663118588,0.07108045196656497,-0.017007265335379093,maroon,False,False,True,False,False,False,False,False,True,False,True
2025-04-16 17:30:00+03:00,0.05963812373295241,0.06504649362464615,-0.005408369891693743,maroon,False,False,True,False,False,False,False,False,True,False,False
2025-04-17 09:30:00+03:00,0.14707910335046392,0.07065721832653399,0.07642188502392994,aqua,True,False,True,False,False,True,False,False,False,False,False
2025-04-17 10:30:00+03:00,0.19795640141060034,0.08532733031685227,0.11262907109374806,aqua,False,False,True,False,False,True,False,False,False,False,False
2025-04-17 11:30:00+03:00,0.2355616189630112,0.10338263280498773,0.13217898615802348,aqua,False,False,True,False,False,True,False,False,False,False,False
2025-04-17 12:30:00+03:00,0.27430586704184634,0.12565714509570508,0.14864872194614126,aqua,False,False,True,False,False,True,False,False,False,False,False
2025-04-17 13:30:00+03:00,0.32147807431680775,0.15497204243539406,0.1665060318814137,aqua,False,False,True,False,False,True,False,False,False,True,False
2025-04-17 14:30:00+03:00,0.31488674868531774,0.18459388439498842,0.13029286429032932,blue,False,False,True,False,False,False,False,True,False,False,False
2025-04-17 15:30:00+03:00,0.30613415169556646,0.2123459195364169,0.09378823215914955,blue,False,False,True,False,False,False,False,True,False,False,False
2025-04-17 16:30:00+03:00,0.2957879956301497,0.23920312053630177,0.05658487509384791,blue,False,False,True,False,False,False,False,True,False,False,False
2025-04-17 17:30:00+03:00,0.2723452958434862,0.2628372507708055,0.009508045072680715,blue,False,False,True,False,False,False,False,True,False,False,False
2025-04-18 09:30:00+03:00,0.21098881828022087,0.2699383302074452,-0.05894951192722431,red,False,True,True,False,False,False,True,False,False,False,False
2025-04-18 10:30:00+03:00,0.17646754978814982,0.2675506800271729,-0.09108313023902309,red,False,False,True,False,False,False,True,False,False,False,False
2025-04-18 11:30:00+03:00,0.11550099206997544,0.2542106103723911,-0.13870961830241568,red,False,False,True,False,False,False,True,False,False,False,False
2025-04-18 12:30:00+03:00,0.0664189198740246,0.23111206068707763,-0.16469314081305303,red,False,False,True,False,False,False,True,False,False,False,False
2025-04-18 13:30:00+03:00,-0.03740779572144248,0.19123585290504982,-0.2286436486264923,red,False,False,False,False,True,False,True,False,False,False,False
2025-04-18 14:30:00+03:00,-0.1263046039629856,0.14221459149968277,-0.26851919546266834,red,False,False,False,False,False,False,True,False,False,False,False
2025-04-18 15:30:00+03:00,-0.16739121244764021,0.08960066215043759,-0.2569918745980778,maroon,False,False,False,False,False,False,False,False,True,False,False
2025-04-18 16:30:00+03:00,-0.2056510693105409,0.03388521049036086,-0.23953627980090175,maroon,False,False,False,False,False,False,False,False,True,False,False
2025-04-18 17:30:00+03:00,-0.2572147017827575,-0.02495478924588844,-0.23225991253686906,maroon,False,False,False,False,False,False,False,False,True,False,False
2025-04-21 09:30:00+03:00,-0.34254576790710445,-0.08645863215559126,-0.2560871357515132,red,False,False,False,False,False,False,True,False,False,False,False
2025-04-21 10:30:00+03:00,-0.4166649787980461,-0.15236224644294635,-0.2643027323550997,red,False,False,False,False,False,False,True,False,False,False,False
2025-04-21 11:30:00+03:00,-0.4811553092538148,-0.2186573910344786,-0.2624979182193362,maroon,False,False,False,False,False,False,False,False,True,False,False
2025-04-21 12:30:00+03:00,-0.5246031919345526,-0.28432651456876495,-0.24027667736578767,maroon,False,False,False,False,False,False,False,False,True,False,True
2025-04-21 13:30:00+03:00,-0.5048020457638174,-0.3362592090179177,-0.16854283674589965,maroon,False,False,False,False,False,False,False,False,True,False,False
2025-04-21 14:30:00+03:00,-0.41333608198252847,-0.3681515954645336,-0.04518448651799489,maroon,False,False,False,False,False,False,False,False,True,False,False
2025-04-21 15:30:00+03:00,-0.30505568232192815,-0.38344764767278783,0.07839196535085968,aqua,True,False,False,False,False,True,False,False,False,False,False
2025-04-21 16:30:00+03:00,-0.29492079499048884,-0.3933665060816709,0.09844571109118205,aqua,False,False,False,False,False,True,False,False,False,False,False
2025-04-21 17:30:00+03:00,-0.26766495864173123,-0.394527645732668,0.1268626870909368,aqua,False,False,False,False,False,True,False,False,False,False,False
2025-04-22 09:30:00+03:00,-0.2169354255932845,-0.3805709410311324,0.16363551543784793,aqua,False,False,False,False,False,True,False,False,False,False,False
2025-04-22 10:30:00+03:00,-0.18269525692154076,-0.3545743052670763,0.17187904834553552,aqua,False,False,False,False,False,True,False,False,False,False,False
2025-04-22 11:30:00+03:00,-0.14580952615421694,-0.3173136627004543,0.17150413654623736,blue,False,False,False,False,False,False,False,True,False,False,False
2025-04-22 12:30:00+03:00,-0.08732869612281746,-0.26872760761026154,0.18139891148744408,aqua,False,False,False,False,False,True,False,False,False,False,False
2025-04-22 13:30:00+03:00,-0.05248111686778145,-0.21846972662181308,0.16598860975403162,blue,False,False,False,False,False,False,False,True,False,False,False
2025-04-22 14:30:00+03:00,-0.028569350130155158,-0.17571786752710494,0.14714851739694979,blue,False,False,False,False,False,False,False,True,False,False,False
2025-04-22 15:30:00+03:00,0.0024564503769113344,-0.14154985278278945,0.14400630315970078,blue,False,False,True,True,False,False,False,True,False,False,False
2025-04-22 16:30:00+03:00,0.022747876873324913,-0.10625333368681014,0.12900121056013505,blue,False,False,True,False,False,False,False,True,False,False,False
2025-04-22 17:30:00+03:00,0.03838648308136072,-0.07224761793979992,0.11063410102116064,blue,False,False,True,False,False,False,False,True,False,False,False
2025-04-24 09:30:00+03:00,0.10604171192940015,-0.036361269326168295,0.14240298125556844,aqua,False,False,True,False,False,True,False,False,False,False,False
2025-04-24 10:30:00+03:00,0.14986240654508265,0.0005895821701231954,0.14927282437495945,aqua,False,False,True,False,False,True,False,False,False,False,False
2025-04-24 11:30:00+03:00,0.18248702589873744,0.03706697684267368,0.14542004905606376,blue,False,False,True,False,False,False,False,True,False,False,False
2025-04-24 12:30:00+03:00,0.19799091462600416,0.06876915581476498,0.12922175881123918,blue,False,False,True,False,False,False,False,True,False,False,False
2025-04-24 13:30:00+03:00,0.21585861552880914,0.09858468163660837,0.11727393389220077,blue,False,False,True,False,False,False,False,True,False,False,False
2025-04-24 14:30:00+03:00,0.21942051299537013,0.12613911087277785,0.09328140212259228,blue,False,False,True,False,False,False,False,True,False,False,False
2025-04-24 15:30:00+03:00,0.2795397145660914,0.1569261402271312,0.1226135743389602,aqua,False,False,True,False,False,True,False,False,False,False,False
2025-04-24 16:30:00+03:00,0.43114820131559384,0.20230395405404997,0.22884424726154387,aqua,False,False,True,False,False,True,False,False,False,False,False
2025-04-24 17:30:00+03:00,0.5729365156353694,0.26169840211560647,0.31123811351976294,aqua,False,False,True,False,False,True,False,False,False,False,False
2025-04-25 09:30:00+03:00,0.6735064920960596,0.3247500443563464,0.3487564477397132,aqua,False,False,True,False,False,True,False,False,False,False,False
2025-04-25 10:30:00+03:00,0.7167052393408255,0.3877325813336512,0.32897265800717435,blue,False,False,True,False,False,False,False,True,False,False,False
2025-04-25 11:30:00+03:00,0.7344054400474818,0.44905684957240055,0.2853485904750812,blue,False,False,True,False,False,False,False,True,False,True,False
2025-04-25 12:30:00+03:00,0.7079951765746983,0.5057239897889221,0.20227118678577627,blue,False,False,True,False,False,False,False,True,False,False,False
2025-04-25 13:30:00+03:00,0.647326099976631,0.5536648213942357,0.09366127858239537,blue,False,False,True,False,False,False,False,True,False,False,False
2025-04-25 14:30:00+03:00,0.5884278689165896,0.5946656387188156,-0.006237769802226012,red,False,True,True,False,False,False,True,False,False,False,False
2025-04-25 15:30:00+03:00,0.5555198204346041,0.6253300949264281,-0.06981027449182398,red,False,False,True,False,False,False,True,False,False,False,False
2025-04-25 16:30:00+03:00,0.5034634312201192,0.6333651204713754,-0.12990168925125622,red,False,False,True,False,False,False,True,False,False,False,False
2025-04-25 17:30:00+03:00,0.4409865590800379,0.6187040141874497,-0.17771745510741177,red,False,False,True,False,False,False,True,False,False,False,False
2025-04-28 09:30:00+03:00,0.3431373718648274,0.5819963341617572,-0.23885896229692982,red,False,False,True,False,False,False,True,False,False,False,False
2025-04-28 10:30:00+03:00,0.25458741959408115,0.5306499097454522,-0.2760624901513711,red,False,False,True,False,False,False,True,False,False,False,False
2025-04-28 11:30:00+03:00,0.08259429551194586,0.45822644924150385,-0.375632153729558,red,False,False,True,False,False,False,True,False,False,False,False
2025-04-28 12:30:00+03:00,-0.07862643884620724,0.3708240475280699,-0.44945048637427715,red,False,False,False,False,True,False,True,False,False,False,False
2025-04-28 13:30:00+03:00,-0.213615820890098,0.2751638340984333,-0.4887796549885313,red,False,False,False,False,False,False,True,False,False,False,False
2025-04-28 14:30:00+03:00,-0.29779693137853513,0.17669441184341947,-0.47449134322195463,maroon,False,False,False,False,False,False,False,False,True,False,False
2025-04-28 15:30:00+03:00,-0.3491890531695603,0.07617120366517899,-0.42536025683473927,maroon,False,False,False,False,False,False,False,False,True,False,False
2025-04-28 16:30:00+03:00,-0.40461960666506513,-0.02472691165539705,-0.3798926950096681,maroon,False,False,False,False,False,False,False,False,True,False,False
2025-04-28 17:30:00+03:00,-0.4577960520483231,-0.12459164622521494,-0.3332044058231081,maroon,False,False,False,False,False,False,False,False,True,False,False
2025-04-29 09:30:00+03:00,-0.47988246152775815,-0.21603829437994668,-0.26384416714781145,maroon,False,False,False,False,False,False,False,False,True,False,False
2025-04-29 10:30:00+03:00,-0.5156494455688687,-0.3016201682869411,-0.2140292772819276,maroon,False,False,False,False,False,False,False,False,True,False,False
2025-04-29 11:30:00+03:00,-0.5377956644549968,-0.37055238606104585,-0.16724327839395098,maroon,False,False,False,False,False,False,False,False,True,False,False
2025-04-29 12:30:00+03:00,-0.5522089213513794,-0.42317266189495384,-0.1290362594564256,maroon,False,False,False,False,False,False,False,False,True,False,False
2025-04-29 13:30:00+03:00,-0.5603990318480783,-0.4617041297791739,-0.09869490206890436,maroon,False,False,False,False,False,False,False,False,True,False,False
2025-04-29 14:30:00+03:00,-0.5604294713329736,-0.4908855231074448,-0.06954394822552878,maroon,False,False,False,False,False,False,False,False,True,False,False
2025-04-29 15:30:00+03:00,-0.5700211361059644,-0.5154224212114897,-0.054598714894474654,maroon,False,False,False,False,False,False,False,False,True,False,False
2025-04-29 16:30:00+03:00,-0.5885899607436755,-0.5358635716646687,-0.05272638907900684,maroon,False,False,False,False,False,False,False,False,True,False,True
2025-04-29 17:30:00+03:00,-0.5740942180102309,-0.5487855901048806,-0.025308627905350267,maroon,False,False,False,False,False,False,False,False,True,False,False
2025-04-30 09:30:00+03:00,-0.5737447252921299,-0.5592147305231442,-0.014529994768985754,maroon,False,False,False,False,False,False,False,False,True,False,False
2025-04-30 10:30:00+03:00,-0.5717189391197763,-0.5654446742510228,-0.0062742648687534874,maroon,False,False,False,False,False,False,False,False,True,False,False
2025-04-30 11:30:00+03:00,-0.5684025991959842,-0.5688454447777992,0.0004428455818149546,aqua,True,False,False,False,False,True,False,False,False,True,False
2025-04-30 12:30:00+03:00,-0.584854150166862,-0.5724726924239639,-0.012381457742898117,red,False,True,False,False,False,False,True,False,False,False,False
2025-04-30 13:30:00+03:00,-0.6229871867178787,-0.5794269318539418,-0.04356025486393689,red,False,False,False,False,False,False,True,False,False,False,True
2025-04-30 14:30:00+03:00,-0.6058778884405527,-0.5844767559770061,-0.02140113246354658,maroon,False,False,False,False,False,False,False,False,True,False,False
2025-04-30 15:30:00+03:00,-0.5807821419101415,-0.5856724232885813,0.00489028137843972,aqua,True,False,False,False,False,True,False,False,False,False,False
2025-04-30 16:30:00+03:00,-0.5529064585216332,-0.5817075897083543,0.02880113118672112,aqua,False,False,False,False,False,True,False,False,False,False,False
2025-04-30 17:30:00+03:00,-0.5279562592547364,-0.5765811498466328,0.04862489059189634,aqua,False,False,False,False,False,True,False,False,False,False,False
2025-05-02 09:30:00+03:00,-0.47686474560660486,-0.5658167076593522,0.08895196205274736,aqua,False,False,False,False,False,True,False,False,False,False,False
2025-05-02 10:30:00+03:00,-0.40427890655212195,-0.5472122595962795,0.14293335304415755,aqua,False,False,False,False,False,True,False,False,False,False,False
2025-05-02 11:30:00+03:00,-0.3316344499243442,-0.5209046874549862,0.18927023753064198,aqua,False,False,False,False,False,True,False,False,False,False,False
2025-05-02 12:30:00+03:00,-0.2629628811274003,-0.485138990895046,0.22217610976764568,aqua,False,False,False,False,False,True,False,False,False,False,False
2025-05-02 13:30:00+03:00,-0.20616364197164927,-0.4388252637010205,0.23266162172937122,aqua,False,False,False,False,False,True,False,False,False,False,False
2025-05-02 14:30:00+03:00,-0.15612241413551686,-0.3888524332226832,0.23273001908716634,aqua,False,False,False,False,False,True,False,False,False,False,False
2025-05-02 15:30:00+03:00,-0.11832810736424904,-0.3374686516064729,0.21914054424222384,blue,False,False,False,False,False,False,False,True,False,False,False
2025-05-02 16:30:00+03:00,-0.09055967102011664,-0.28609678632852664,0.19553711530841,blue,False,False,False,False,False,False,False,True,False,False,False
2025-05-02 17:30:00+03:00,-0.06138984210773657,-0.2342560733121933,0.17286623120445674,blue,False,False,False,False,False,False,False,True,False,False,False
2025-05-05 09:30:00+03:00,-0.06017247316464136,-0.1879569319297529,0.12778445876511155,blue,False,False,False,False,False,False,False,True,False,True,False
2025-05-05 10:30:00+03:00,-0.08565548718301841,-0.15255432977763028,0.06689884259461187,blue,False,False,False,False,False,False,False,True,False,False,False
2025-05-05 11:30:00+03:00,-0.10304920253613403,-0.12715596895671805,0.024106766420584014,blue,False,False,False,False,False,False,False,True,False,False,False
2025-05-05 12:30:00+03:00,-0.12347979797451814,-0.11165784860639781,-0.011821949368120324,red,False,True,False,False,False,False,True,False,False,False,False
2025-05-05 13:30:00+03:00,-0.12850693319072093,-0.10302932540851689,-0.025477607782204037,red,False,False,False,False,False,False,True,False,False,False,False
2025-05-05 14:30:00+03:00,-0.1341717573358281,-0.1005903635418848,-0.03358139379394329,red,False,False,False,False,False,False,True,False,False,False,False
2025-05-05 15:30:00+03:00,-0.15143998569902806,-0.10426946113463803,-0.047170524564390026,red,False,False,False,False,False,False,True,False,False,False,True
2025-05-05 16:30:00+03:00,-0.15047989205100265,-0.11092726347140314,-0.039552628579599514,maroon,False,False,False,False,False,False,False,False,True,True,False
2025-05-05 17:30:00+03:00,-0.1655627662911101,-0.12250203282511131,-0.0430607334659988,red,False,False,False,False,False,False,True,False,False,False,True
2025-05-06 09:30:00+03:00,-0.13082060360939352,-0.13035182509675045,-0.0004687785126430699,maroon,False,False,False,False,False,False,False,False,True,False,False
2025-05-06 10:30:00+03:00,-0.09413304113845555,-0.13129377553624344,0.03716073439778789,aqua,True,False,False,False,False,True,False,False,False,False,False
2025-05-06 11:30:00+03:00,-0.026025921404325913,-0.12273563318826478,0.09670971178393886,aqua,False,False,False,False,False,True,False,False,False,False,False
2025-05-06 12:30:00+03:00,0.02763094928656784,-0.10594555015925522,0.13357649944582306,aqua,False,False,True,True,False,True,False,False,False,False,False
2025-05-06 13:30:00+03:00,0.07414135981362335,-0.08342907315877252,0.15757043297239587,aqua,False,False,True,False,False,True,False,False,False,False,False
2025-05-06 14:30:00+03:00,0.08740013940158065,-0.058809973521282664,0.14621011292286332,blue,False,False,True,False,False,False,False,True,False,False,False
2025-05-06 15:30:00+03:00,0.09200562480595664,-0.03176046124295103,0.12376608604890768,blue,False,False,True,False,False,False,False,True,False,True,False
2025-05-06 16:30:00+03:00,0.07861093712696032,-0.0063059246676218095,0.08491686179458213,blue,False,False,True,False,False,False,False,True,False,False,False
2025-05-06 17:30:00+03:00,0.06243454253762337,0.01902710964668191,0.04340743289094146,blue,False,False,True,False,False,False,False,True,False,False,False
2025-05-07 09:30:00+03:00,0.05543083249714442,0.03972171365851946,0.015709118838624962,blue,False,False,True,False,False,False,False,True,False,False,False
2025-05-07 10:30:00+03:00,0.030166776153372155,0.053532804468722536,-0.02336602831535038,red,False,True,True,False,False,False,True,False,False,False,True
2025-05-07 11:30:00+03:00,0.035556260073391854,0.060375269077357845,-0.02481900900396599,red,False,False,True,False,False,False,True,False,False,False,False
2025-05-07 12:30:00+03:00,0.04735067691982664,0.06256634992549771,-0.015215673005671074,maroon,False,False,True,False,False,False,False,False,True,True,False
2025-05-07 13:30:00+03:00,0.03212014497508875,0.05789732605454942,-0.02577718107946067,red,False,False,True,False,False,False,True,False,False,False,False
2025-05-07 14:30:00+03:00,0.008653308009677119,0.0491476781221157,-0.04049437011243858,red,False,False,True,False,False,False,True,False,False,False,False
2025-05-07 15:30:00+03:00,-0.014617438000790628,0.037300671143588225,-0.05191810914437885,red,False,False,False,False,True,False,True,False,False,False,True
2025-05-07 16:30:00+03:00,-0.005560404178616807,0.027948299887412986,-0.03350870406602979,maroon,False,False,False,False,False,False,False,False,True,False,False
2025-05-07 17:30:00+03:00,0.004789885144973027,0.021543337954896283,-0.016753452809923255,maroon,False,False,True,True,False,False,False,False,True,False,False
2025-05-08 09:30:00+03:00,0.03039415121782696,0.018761484479416564,0.011632666738410395,aqua,True,False,True,False,False,True,False,False,False,False,False
2025-05-08 10:30:00+03:00,0.07244449081041182,0.023459008330198747,0.048985482480213074,aqua,False,False,True,False,False,True,False,False,False,False,False
2025-05-08 11:30:00+03:00,0.09977790098868411,0.030594746209675665,0.06918315477900844,aqua,False,False,True,False,False,True,False,False,False,False,False
2025-05-08 12:30:00+03:00,0.12324685207082808,0.039027654559786934,0.08421919751104115,aqua,False,False,True,False,False,True,False,False,False,False,False
2025-05-08 13:30:00+03:00,0.1386342062643422,0.050862550258592876,0.08777165600574932,aqua,False,False,True,False,False,True,False,False,False,False,False
2025-05-08 14:30:00+03:00,0.14272803620345087,0.0657597422801233,0.07696829392332757,blue,False,False,True,False,False,False,False,True,False,False,False
2025-05-08 15:30:00+03:00,0.14430892249531269,0.08341822677969032,0.06089069571562236,blue,False,False,True,False,False,False,False,True,False,False,False
2025-05-08 16:30:00+03:00,0.16304839553619388,0.10215253785911374,0.06089585767708014,aqua,False,False,True,False,False,True,False,False,False,False,False
2025-05-08 17:30:00+03:00,0.16789513123051591,0.12027534297972961,0.047619788250786305,blue,False,False,True,False,False,False,False,True,False,True,False
2025-05-09 09:30:00+03:00,0.10436601537849555,0.12849443899758167,-0.024128423619086126,red,False,True,True,False,False,False,True,False,False,False,False
2025-05-09 10:30:00+03:00,0.04063931036458257,0.12496053005915621,-0.08432121969457364,red,False,False,True,False,False,False,True,False,False,False,False
2025-05-09 11:30:00+03:00,-0.00815666770636625,0.1129678002041506,-0.12112446791051686,red,False,False,False,False,True,False,True,False,False,False,False
2025-05-09 12:30:00+03:00,-0.03991226892902233,0.09483900898194501,-0.13475127791096736,red,False,False,False,False,False,False,True,False,False,False,False
2025-05-09 13:30:00+03:00,-0.046787217877252374,0.07423662852176784,-0.12102384639902021,maroon,False,False,False,False,False,False,False,False,True,False,True
2025-05-09 14:30:00+03:00,0.002604348060479822,0.05866732983921549,-0.05606298177873567,maroon,False,False,True,True,False,False,False,False,True,False,False
2025-05-09 15:30:00+03:00,0.06360815396495667,0.04970057778028705,0.013907576184669618,aqua,True,False,True,False,False,True,False,False,False,False,False
2025-05-09 16:30:00+03:00,0.08515123816095382,0.04104533807192704,0.04410590008902678,aqua,False,False,True,False,False,True,False,False,False,False,False
2025-05-09 17:30:00+03:00,0.10105933844942427,0.033619138874027975,0.06744019957539629,aqua,False,False,True,False,False,True,False,False,False,False,False
2025-05-12 09:30:00+03:00,0.2216589404958782,0.04665168610929271,0.1750072543865855,aqua,False,False,True,False,False,True,False,False,False,False,False
2025-05-12 10:30:00+03:00,0.34951727714287983,0.08097146019577019,0.26854581694710966,aqua,False,False,True,False,False,True,False,False,False,False,False
2025-05-12 11:30:00+03:00,0.45368517100254735,0.13228722005231613,0.3213979509502312,aqua,False,False,True,False,False,True,False,False,False,False,False
2025-05-12 12:30:00+03:00,0.5261394487509818,0.19518185535009439,0.3309575934008875,aqua,False,False,True,False,False,True,False,False,False,False,False
2025-05-12 13:30:00+03:00,0.5729211864949235,0.2640383447247806,0.3088828417701429,blue,False,False,True,False,False,False,False,True,False,False,False
2025-05-12 14:30:00+03:00,0.6030445287559019,0.33075392035760526,0.2722906083982966,blue,False,False,True,False,False,False,False,True,False,False,False
2025-05-12 15:30:00+03:00,0.6357276124284112,0.39432274907576687,0.24140486335264438,blue,False,False,True,False,False,False,False,True,False,False,False
2025-05-12 16:30:00+03:00,0.6501004104654697,0.4570948793318242,0.19300553113364555,blue,False,False,True,False,False,False,False,True,False,False,False
2025-05-12 17:30:00+03:00,0.665918531670421,0.519857011911935,0.14606151975848602,blue,False,False,True,False,False,False,False,True,False,True,False
2025-05-13 09:30:00+03:00,0.6428027252011574,0.566650765768077,0.0761519594330804,blue,False,False,True,False,False,False,False,True,False,False,False
2025-05-13 10:30:00+03:00,0.6293322928172103,0.5977413230652249,0.03159096975198539,blue,False,False,True,False,False,False,False,True,False,False,True
2025-05-13 11:30:00+03:00,0.6435156109019786,0.6188335941651617,0.024682016736816914,blue,False,False,True,False,False,False,False,True,False,True,False
2025-05-13 12:30:00+03:00,0.6393169953543776,0.6314088771210946,0.007908118233282968,blue,False,False,True,False,False,False,False,True,False,False,False
2025-05-13 13:30:00+03:00,0.6167761886019676,0.6362816551329884,-0.01950546653102081,red,False,True,True,False,False,False,True,False,False,False,False
2025-05-13 14:30:00+03:00,0.6160187869677074,0.6377232393787445,-0.021704452411037134,red,False,False,True,False,False,False,True,False,False,False,True
2025-05-13 15:30:00+03:00,0.6203711577008022,0.6360169666312324,-0.015645808930430216,maroon,False,False,True,False,False,False,False,False,True,False,False
2025-05-13 16:30:00+03:00,0.6326655504973289,0.6340797599681056,-0.0014142094707767505,maroon,False,False,True,False,False,False,False,False,True,True,False
2025-05-13 17:30:00+03:00,0.5952020058165743,0.6262223682065672,-0.03102036238999284,red,False,False,True,False,False,False,True,False,False,False,False
2025-05-14 09:30:00+03:00,0.5750217737705015,0.6186911513809387,-0.04366937761043721,red,False,False,True,False,False,False,True,False,False,False,False
2025-05-14 10:30:00+03:00,0.5446810097159727,0.609285453258579,-0.0646044435426063,red,False,False,True,False,False,False,True,False,False,False,False
2025-05-14 11:30:00+03:00,0.5147025648331791,0.5949728925842679,-0.08027032775108878,red,False,False,True,False,False,False,True,False,False,False,False
2025-05-14 12:30:00+03:00,0.4893381660741909,0.5783085782198027,-0.08897041214561185,red,False,False,True,False,False,False,True,False,False,False,False
2025-05-14 13:30:00+03:00,0.4758552042553603,0.5626506910701797,-0.08679548681481941,maroon,False,False,True,False,False,False,False,False,True,False,False
2025-05-14 14:30:00+03:00,0.4758229513595822,0.5470733760026102,-0.071250424643028,maroon,False,False,True,False,False,False,False,False,True,False,False
2025-05-14 15:30:00+03:00,0.46239811196593905,0.5295208153654032,-0.06712270339946413,maroon,False,False,True,False,False,False,False,False,True,False,False
2025-05-14 16:30:00+03:00,0.39475860767613113,0.5030867106074923,-0.10832810293136119,red,False,False,True,False,False,False,True,False,False,False,False
2025-05-14 17:30:00+03:00,0.3372660204670126,0.47442715667976326,-0.13716113621275067,red,False,False,True,False,False,False,True,False,False,False,False
2025-05-15 09:30:00+03:00,0.2764128538645494,0.44124838780132414,-0.16483553393677475,red,False,False,True,False,False,False,True,False,False,False,False
2025-05-15 10:30:00+03:00,0.2016543043807033,0.4031343094307387,-0.20148000505003538,red,False,False,True,False,False,False,True,False,False,False,False
2025-05-15 11:30:00+03:00,0.1447732796289003,0.36203105551915216,-0.21725777589025186,red,False,False,True,False,False,False,True,False,False,False,False
2025-05-15 12:30:00+03:00,0.13445603301077824,0.3225997074009952,-0.18814367439021695,maroon,False,False,True,False,False,False,False,False,True,False,False
2025-05-15 13:30:00+03:00,0.09692004714485591,0.2804958010553836,-0.18357575391052766,maroon,False,False,True,False,False,False,False,False,True,False,False
2025-05-15 14:30:00+03:00,0.062418466120909954,0.23456196936219775,-0.1721435032412878,maroon,False,False,True,False,False,False,False,False,True,False,False
2025-05-15 15:30:00+03:00,0.03866453447312779,0.1874804607518854,-0.14881592627875762,maroon,False,False,True,False,False,False,False,False,True,False,False
2025-05-15 16:30:00+03:00,-0.03622723391244875,0.13959314501982098,-0.17582037893226973,red,False,False,False,False,True,False,True,False,False,False,False
2025-05-15 17:30:00+03:00,-0.1024673611083955,0.09073388040033119,-0.1932012415087267,red,False,False,False,False,False,False,True,False,False,False,False
2025-05-16 09:30:00+03:00,-0.13724270063017485,0.0447721521231396,-0.18201485275331444,maroon,False,False,False,False,False,False,False,False,True,False,False
2025-05-16 10:30:00+03:00,-0.16691286075457157,0.0038202448858868365,-0.1707331056404584,maroon,False,False,False,False,False,False,False,False,True,False,False
2025-05-16 11:30:00+03:00,-0.1842680287132552,-0.032739900485463776,-0.15152812822779144,maroon,False,False,False,False,False,False,False,False,True,False,False
2025-05-16 12:30:00+03:00,-0.22767441560326063,-0.07297661699813476,-0.15469779860512586,red,False,False,False,False,False,False,True,False,False,False,False
2025-05-16 13:30:00+03:00,-0.247121754656618,-0.1112034838649652,-0.1359182707916528,maroon,False,False,False,False,False,False,False,False,True,False,True
2025-05-16 14:30:00+03:00,-0.24358759471001434,-0.14520415729062344,-0.0983834374193909,maroon,False,False,False,False,False,False,False,False,True,False,False
2025-05-16 15:30:00+03:00,-0.2260771095896672,-0.1746198955198229,-0.0514572140698443,maroon,False,False,False,False,False,False,False,False,True,False,False
2025-05-16 16:30:00+03:00,-0.1698956513376615,-0.1894719419004021,0.0195762905627406,aqua,True,False,False,False,False,True,False,False,False,False,False
2025-05-16 17:30:00+03:00,-0.09602229603406442,-0.18875582355880974,0.09273352752474531,aqua,False,False,False,False,False,True,False,False,False,False,False
2025-05-20 09:30:00+03:00,-0.021095867420363845,-0.17585061986883074,0.1547547524484669,aqua,False,False,False,False,False,True,False,False,False,False,False
2025-05-20 10:30:00+03:00,0.12958559714675744,-0.14290634676868308,0.2724919439154405,aqua,False,False,True,True,False,True,False,False,False,False,False
2025-05-20 11:30:00+03:00,0.1943121431375303,-0.10084188322970691,0.2951540263672372,aqua,False,False,True,False,False,True,False,False,False,False,False
2025-05-20 12:30:00+03:00,0.26275246101477734,-0.046350008049924916,0.30910246906470223,aqua,False,False,True,False,False,True,False,False,False,False,False
2025-05-20 13:30:00+03:00,0.31337946264493155,0.01592790498358059,0.29745155766135095,blue,False,False,True,False,False,False,False,True,False,False,False
2025-05-20 14:30:00+03:00,0.341496130229892,0.0809372077546813,0.26055892247521073,blue,False,False,True,False,False,False,False,True,False,False,False
2025-05-20 15:30:00+03:00,0.3795761845459751,0.1482320182141971,0.23134416633177798,blue,False,False,True,False,False,False,False,True,False,False,False
2025-05-20 16:30:00+03:00,0.38115376734097595,0.2094597314007124,0.17169403594026356,blue,False,False,True,False,False,False,False,True,False,True,False
2025-05-20 17:30:00+03:00,0.37006874202002393,0.2612476245178333,0.10882111750219065,blue,False,False,True,False,False,False,False,True,False,False,False
2025-05-21 09:30:00+03:00,0.3172805456344321,0.298845003746144,0.01843554188828811,blue,False,False,True,False,False,False,False,True,False,False,True
2025-05-21 10:30:00+03:00,0.3520786191712517,0.32356645063775447,0.02851216853349725,aqua,False,False,True,False,False,True,False,False,False,False,False
2025-05-21 11:30:00+03:00,0.35937560263324286,0.3419068350261669,0.01746876760707594,blue,False,False,True,False,False,False,False,True,False,True,False
2025-05-21 12:30:00+03:00,0.3450426871893981,0.3510501934900137,-0.006007506300615584,red,False,True,True,False,False,False,True,False,False,False,False
2025-05-21 13:30:00+03:00,0.3298810846372149,0.35288370704471184,-0.023002622407496953,red,False,False,True,False,False,False,True,False,False,False,False
2025-05-21 14:30:00+03:00,0.3182315507263809,0.35029875376654396,-0.032067203040163084,red,False,False,True,False,False,False,True,False,False,False,False
2025-05-21 15:30:00+03:00,0.3014893095124833,0.3416224343183782,-0.04013312480589487,red,False,False,True,False,False,False,True,False,False,False,False
2025-05-21 16:30:00+03:00,0.2689819165376264,0.32915889534022824,-0.060176978802601866,red,False,False,True,False,False,False,True,False,False,False,False
2025-05-21 17:30:00+03:00,0.2484249266263845,0.31564291585204607,-0.06721798922566158,red,False,False,True,False,False,False,True,False,False,False,True
2025-05-22 09:30:00+03:00,0.26538546631358173,0.30987679592750716,-0.044491329613925434,maroon,False,False,True,False,False,False,False,False,True,False,False
2025-05-22 10:30:00+03:00,0.31952388564810974,0.30625960331382474,0.013264282334285005,aqua,True,False,True,False,False,True,False,False,False,False,False
2025-05-22 11:30:00+03:00,0.3742532051259104,0.30791267025745445,0.06634053486845598,aqua,False,False,True,False,False,True,False,False,False,False,False
2025-05-22 12:30:00+03:00,0.3769698110335611,0.31146012846236143,0.06550968257119966,blue,False,False,True,False,False,False,False,True,False,True,False
2025-05-22 13:30:00+03:00,0.35087069064260845,0.31379230690740517,0.03707838373520328,blue,False,False,True,False,False,False,False,True,False,False,False
2025-05-22 14:30:00+03:00,0.3304126785845227,0.3151457655583098,0.015266913026212914,blue,False,False,True,False,False,False,False,True,False,False,True
2025-05-22 15:30:00+03:00,0.3903910146805032,0.32502373279920094,0.06536728188130225,aqua,False,False,True,False,False,True,False,False,False,False,False
2025-05-22 16:30:00+03:00,0.424956601837998,0.3423542533881311,0.08260234844986691,aqua,False,False,True,False,False,True,False,False,False,False,False
2025-05-22 17:30:00+03:00,0.44719509204016106,0.3644398273229952,0.08275526471716588,aqua,False,False,True,False,False,True,False,False,False,True,False
2025-05-23 09:30:00+03:00,0.4076701966351024,0.3802492418031641,0.027420954831938293,blue,False,False,True,False,False,False,False,True,False,False,True
2025-05-23 10:30:00+03:00,0.4119436239202017,0.39051810161117434,0.021425522309027334,blue,False,False,True,False,False,False,False,True,False,False,False
2025-05-23 11:30:00+03:00,0.42655171329349884,0.3963290469631286,0.03022266633037024,aqua,False,False,True,False,False,True,False,False,False,False,False
2025-05-23 12:30:00+03:00,0.4291472662473055,0.402126541986878,0.02702072426042751,blue,False,False,True,False,False,False,False,True,False,True,False
2025-05-23 13:30:00+03:00,0.4063472320515942,0.40829060214343194,-0.0019433700918377594,red,False,True,True,False,False,False,True,False,False,False,False
2025-05-23 14:30:00+03:00,0.2602065569241887,0.4004899219589504,-0.1402833650347617,red,False,False,True,False,False,False,True,False,False,False,False
2025-05-23 15:30:00+03:00,0.10684606333433067,0.3689849273649312,-0.26213886403060055,red,False,False,True,False,False,False,True,False,False,False,False
2025-05-23 16:30:00+03:00,0.013394317707110304,0.32325578468372146,-0.30986146697661116,red,False,False,True,False,False,False,True,False,False,False,False
2025-05-23 17:30:00+03:00,-0.07592967622194635,0.2651308104323762,-0.34106048665432254,red,False,False,False,False,True,False,True,False,False,False,False
2025-05-26 09:30:00+03:00,-0.1570135005815274,0.20238817740830622,-0.35940167798983363,red,False,False,False,False,False,False,True,False,False,False,False
2025-05-26 10:30:00+03:00,-0.2466714919545936,0.12920872008888454,-0.3758802120434781,red,False,False,False,False,False,False,True,False,False,False,False
2025-05-26 11:30:00+03:00,-0.32607121954543317,0.045583949773447645,-0.3716551693188808,maroon,False,False,False,False,False,False,False,False,True,False,False
2025-05-26 12:30:00+03:00,-0.3805745288662479,-0.04438513857250273,-0.33618939029374517,maroon,False,False,False,False,False,False,False,False,True,False,False
2025-05-26 13:30:00+03:00,-0.4428710832407603,-0.13874272916054212,-0.3041283540802182,maroon,False,False,False,False,False,False,False,False,True,False,False
2025-05-26 14:30:00+03:00,-0.5025864378912743,-0.22349750636226023,-0.2790889315290141,maroon,False,False,False,False,False,False,False,False,True,False,True
2025-05-26 15:30:00+03:00,-0.4878039746862157,-0.2895697328089876,-0.1982342418772281,maroon,False,False,False,False,False,False,False,False,True,False,False
2025-05-26 16:30:00+03:00,-0.4347657563316787,-0.3393652965910753,-0.0954004597406034,maroon,False,False,False,False,False,False,False,False,True,False,False
2025-05-26 17:30:00+03:00,-0.3922455442657835,-0.37451150415150164,-0.017734040114281868,maroon,False,False,False,False,False,False,False,False,True,False,False
2025-05-27 09:30:00+03:00,-0.330530390041055,-0.3937911585358936,0.06326076849483858,aqua,True,False,False,False,False,True,False,False,False,False,False
2025-05-27 10:30:00+03:00,-0.31430882989957354,-0.40130641830755803,0.0869975884079845,aqua,False,False,False,False,False,True,False,False,False,True,False
2025-05-27 11:30:00+03:00,-0.33790380323716107,-0.4026211498288611,0.06471734659170003,blue,False,False,False,False,False,False,False,True,False,False,False
2025-05-27 12:30:00+03:00,-0.3525391378664722,-0.3995061063844416,0.04696696851796944,blue,False,False,False,False,False,False,False,True,False,False,False
2025-05-27 13:30:00+03:00,-0.36796511435361623,-0.3911832209525367,0.023218106598920485,blue,False,False,False,False,False,False,False,True,False,False,True
2025-05-27 14:30:00+03:00,-0.36788057247657946,-0.37621590257312615,0.00833533009654669,blue,False,False,False,False,False,False,False,True,False,False,False
2025-05-27 15:30:00+03:00,-0.36362196476691366,-0.36241790147098146,-0.0012040632959322006,red,False,True,False,False,False,False,True,False,False,True,False
2025-05-27 16:30:00+03:00,-0.36810754238909027,-0.35501143325513834,-0.013096109133951928,red,False,False,False,False,False,False,True,False,False,False,False
2025-05-27 17:30:00+03:00,-0.37540401233761855,-0.35314015192978665,-0.022263860407831904,red,False,False,False,False,False,False,True,False,False,False,True
2025-05-28 09:30:00+03:00,-0.3688654251897674,-0.35739960027964357,-0.011465824910123823,maroon,False,False,False,False,False,False,False,False,True,False,False
2025-05-28 10:30:00+03:00,-0.32763005228085973,-0.3588797360997865,0.031249683818926788,aqua,True,False,False,False,False,True,False,False,False,False,False
2025-05-28 11:30:00+03:00,-0.28361237411998985,-0.35284735508676746,0.0692349809667776,aqua,False,False,False,False,False,True,False,False,False,False,False
2025-05-28 12:30:00+03:00,-0.2458935393885966,-0.3409978441447813,0.0951043047561847,aqua,False,False,False,False,False,True,False,False,False,False,False
2025-05-28 13:30:00+03:00,-0.19359652027551988,-0.3216235559138817,0.12802703563836182,aqua,False,False,False,False,False,True,False,False,False,False,False
2025-05-28 14:30:00+03:00,-0.1703598640441939,-0.29967681053250556,0.12931694648831166,aqua,False,False,False,False,False,True,False,False,False,False,False
2025-05-28 15:30:00+03:00,-0.16616725615527628,-0.2777373984645458,0.11157014230926954,blue,False,False,False,False,False,False,False,True,False,False,False
2025-05-28 16:30:00+03:00,-0.16098880545990824,-0.2547242054724145,0.09373540001250624,blue,False,False,False,False,False,False,False,True,False,False,False
2025-05-28 17:30:00+03:00,-0.13116542141214893,-0.22758658425847342,0.09642116284632449,aqua,False,False,False,False,False,True,False,False,False,False,False
2025-05-29 09:30:00+03:00,-0.0504642428905413,-0.19220867511411496,0.14174443222357366,aqua,False,False,False,False,False,True,False,False,False,False,False
2025-05-29 10:30:00+03:00,0.01732681039350581,-0.15388013481696325,0.17120694521046906,aqua,False,False,True,True,False,True,False,False,False,False,False
2025-05-29 11:30:00+03:00,0.07024200244917722,-0.11456298186483356,0.18480498431401077,aqua,False,False,True,False,False,True,False,False,False,False,False
2025-05-29 12:30:00+03:00,0.11887638159704039,-0.07403299064420724,0.19290937224124763,aqua,False,False,True,False,False,True,False,False,False,False,False
2025-05-29 13:30:00+03:00,0.15961406643171472,-0.03478736989895895,0.19440143633067367,aqua,False,False,True,False,False,True,False,False,False,False,False
2025-05-29 14:30:00+03:00,0.18971209225453833,0.0052206252453446365,0.1844914670091937,blue,False,False,True,False,False,False,False,True,False,False,False
2025-05-29 15:30:00+03:00,0.25899463589890104,0.05246083547358656,0.20653380042531447,aqua,False,False,True,False,False,True,False,False,False,False,False
2025-05-29 16:30:00+03:00,0.27841537160828267,0.10128352181449667,0.177131849793786,blue,False,False,True,False,False,False,False,True,False,False,False
2025-05-29 17:30:00+03:00,0.2984356135472126,0.1490169701433146,0.149418643403898,blue,False,False,True,False,False,False,False,True,False,True,False
2025-05-30 09:30:00+03:00,0.2708339727466935,0.18471677188078514,0.08611720086590838,blue,False,False,True,False,False,False,False,True,False,False,False
2025-05-30 10:30:00+03:00,0.23016785173975052,0.20836577647481233,0.021802075264938187,blue,False,False,True,False,False,False,False,True,False,False,False
2025-05-30 11:30:00+03:00,0.1518093522481152,0.217428815341361,-0.06561946309324579,red,False,True,True,False,False,False,True,False,False,False,False
2025-05-30 12:30:00+03:00,0.07672141067032356,0.2127449296828369,-0.13602351901251333,red,False,False,True,False,False,False,True,False,False,False,False
2025-05-30 13:30:00+03:00,0.005051575054416446,0.19557131952980378,-0.19051974447538733,red,False,False,True,False,False,False,True,False,False,False,False
2025-05-30 14:30:00+03:00,-0.08705476581558713,0.16481944641090093,-0.2518742122264881,red,False,False,False,False,True,False,True,False,False,False,False
2025-05-30 15:30:00+03:00,-0.1342942132181264,0.12112068539789789,-0.2554148986160243,red,False,False,False,False,False,False,True,False,False,False,False
2025-05-30 16:30:00+03:00,-0.16977475789854424,0.07132178211936156,-0.2410965400179058,maroon,False,False,False,False,False,False,False,False,True,False,False
2025-05-30 17:30:00+03:00,-0.21558117030743773,0.014208806135511528,-0.22978997644294927,maroon,False,False,False,False,False,False,False,False,True,False,False
2025-06-02 09:30:00+03:00,-0.22906959974109498,-0.04133603525202053,-0.18773356448907444,maroon,False,False,False,False,False,False,False,False,True,False,True
2025-06-02 10:30:00+03:00,-0.1971409379043223,-0.08881478965691751,-0.10832614824740479,maroon,False,False,False,False,False,False,False,False,True,False,False
2025-06-02 11:30:00+03:00,-0.13797033485641208,-0.12101253266853165,-0.016957802187880427,maroon,False,False,False,False,False,False,False,False,True,False,False
2025-06-02 12:30:00+03:00,-0.09402783189371888,-0.13998467073120302,0.04595683883748414,aqua,True,False,False,False,False,True,False,False,False,False,False
2025-06-02 13:30:00+03:00,-0.05055101215233293,-0.1461627359763974,0.09561172382406447,aqua,False,False,False,False,False,True,False,False,False,False,False
2025-06-02 14:30:00+03:00,0.015996752493187216,-0.13471256727542247,0.15070931976860968,aqua,False,False,True,True,False,True,False,False,False,False,False
2025-06-02 15:30:00+03:00,0.03604436603865224,-0.11578605846911375,0.151830424507766,aqua,False,False,True,False,False,True,False,False,False,True,False
2025-06-02 16:30:00+03:00,0.02342001325784082,-0.09431997278507095,0.11773998604291178,blue,False,False,True,False,False,False,False,True,False,False,True
2025-06-02 17:30:00+03:00,0.05314828372007696,-0.06446114455979154,0.1176094282798685,blue,False,False,True,False,False,False,False,True,False,False,False
2025-06-03 09:30:00+03:00,0.25532116475209676,-0.010639948504992466,0.2659611132570892,aqua,False,False,True,False,False,True,False,False,False,False,False
2025-06-03 10:30:00+03:00,0.4546836612264329,0.061785006953980336,0.3928986542724526,aqua,False,False,True,False,False,True,False,False,False,False,False
2025-06-03 11:30:00+03:00,0.6336181796664562,0.1475170641231879,0.4861011155432683,aqua,False,False,True,False,False,True,False,False,False,False,False
2025-06-03 12:30:00+03:00,0.7705768648232478,0.24358425264729533,0.5269926121759525,aqua,False,False,True,False,False,True,False,False,False,False,False
2025-06-03 13:30:00+03:00,0.8770762615019336,0.34665394971999164,0.530422311781942,aqua,False,False,True,False,False,True,False,False,False,False,False
2025-06-03 14:30:00+03:00,0.9584981792442235,0.4513763304701068,0.5071218487741167,blue,False,False,True,False,False,False,False,True,False,False,False
2025-06-03 15:30:00+03:00,1.0273217006814264,0.5615182565415261,0.46580344413990027,blue,False,False,True,False,False,False,False,True,False,False,False
2025-06-03 16:30:00+03:00,1.0456040258759742,0.6750942579435409,0.3705097679324333,blue,False,False,True,False,False,False,False,True,False,False,False
2025-06-03 17:30:00+03:00,1.0559894600979405,0.7865210553188591,0.2694684047790814,blue,False,False,True,False,False,False,False,True,False,False,False
2025-06-04 09:30:00+03:00,1.0720351483334127,0.8772670534945609,0.19476809483885182,blue,False,False,True,False,False,False,False,True,False,False,False
2025-06-04 10:30:00+03:00,1.0763781748551153,0.9463442216755256,0.13003395317958977,blue,False,False,True,False,False,False,False,True,False,True,False
2025-06-04 11:30:00+03:00,1.0635258698874495,0.9941117428111915,0.06941412707625794,blue,False,False,True,False,False,False,False,True,False,False,False
2025-06-04 12:30:00+03:00,1.0413364472502522,1.0241961408586364,0.01714030639161579,blue,False,False,True,False,False,False,False,True,False,False,False
2025-06-04 13:30:00+03:00,1.0120844899447405,1.0391970551300593,-0.027112565185318793,red,False,True,True,False,False,False,True,False,False,False,False
2025-06-04 14:30:00+03:00,0.9776325633954812,1.0413230978135326,-0.06369053441805139,red,False,False,True,False,False,False,True,False,False,False,False
2025-06-04 15:30:00+03:00,0.9514648307984928,1.0328945567154288,-0.08142972591693609,red,False,False,True,False,False,False,True,False,False,False,False
2025-06-04 16:30:00+03:00,0.9201201419455955,1.0189519029453866,-0.09883176099979107,red,False,False,True,False,False,False,True,False,False,False,False
2025-06-04 17:30:00+03:00,0.8970425713538006,1.0012911375293712,-0.10424856617557055,red,False,False,True,False,False,False,True,False,False,False,False
2025-06-05 09:30:00+03:00,0.8687391462878225,0.9787026928576389,-0.10996354656981644,red,False,False,True,False,False,False,True,False,False,False,False
2025-06-05 10:30:00+03:00,0.8246980032596127,0.9507382293470275,-0.12604022608741472,red,False,False,True,False,False,False,True,False,False,False,False
2025-06-05 11:30:00+03:00,0.800737586320011,0.9215395311728677,-0.12080194485285667,maroon,False,False,True,False,False,False,False,False,True,False,False
2025-06-05 12:30:00+03:00,0.7648628789722665,0.890820245808647,-0.1259573668363806,red,False,False,True,False,False,False,True,False,False,False,True
2025-06-10 09:30:00+03:00,0.8357317144106489,0.8712254929715257,-0.035493778560876876,maroon,False,False,True,False,False,False,False,False,True,False,False
2025-06-10 10:30:00+03:00,0.9814468223534121,0.871649299522407,0.10979752283100508,aqua,True,False,True,False,False,True,False,False,False,False,False
2025-06-10 11:30:00+03:00,1.0963924352293617,0.8877523666813923,0.20864006854796935,aqua,False,False,True,False,False,True,False,False,False,False,False
2025-06-10 12:30:00+03:00,1.1859209723364188,0.9172857922803728,0.26863518005604603,aqua,False,False,True,False,False,True,False,False,False,False,False
2025-06-10 13:30:00+03:00,1.2505267304289802,0.9565618099553928,0.29396492047358747,aqua,False,False,True,False,False,True,False,False,False,False,False
2025-06-10 14:30:00+03:00,1.286892760496606,1.0030233226452576,0.28386943785134844,blue,False,False,True,False,False,False,False,True,False,False,False
2025-06-10 15:30:00+03:00,1.3126851535200217,1.0572441171186364,0.25544103640138527,blue,False,False,True,False,False,False,False,True,False,False,False
2025-06-10 16:30:00+03:00,1.3657966200235876,1.1200284541968115,0.24576816582677607,blue,False,False,True,False,False,False,False,True,False,False,False
2025-06-10 17:30:00+03:00,1.3758890571919054,1.1879202517767713,0.18796880541513405,blue,False,False,True,False,False,False,False,True,False,False,False
2025-06-11 09:30:00+03:00,1.4279456497631884,1.2537218001492758,0.17422384961391257,blue,False,False,True,False,False,False,False,True,False,True,False
2025-06-11 10:30:00+03:00,1.4125718046294224,1.3016245759577214,0.11094722867170104,blue,False,False,True,False,False,False,False,True,False,False,False
2025-06-11 11:30:00+03:00,1.384429084884971,1.333628648141678,0.05080043674329304,blue,False,False,True,False,False,False,False,True,False,False,False
2025-06-11 12:30:00+03:00,1.3346373464737198,1.3501526897124891,-0.015515343238769352,red,False,True,True,False,False,False,True,False,False,False,False
2025-06-11 13:30:00+03:00,1.308337288999077,1.3565760851091666,-0.04823879611008963,red,False,False,True,False,False,False,True,False,False,False,False
2025-06-11 14:30:00+03:00,1.2807990904630913,1.3558990106609983,-0.07509992019790701,red,False,False,True,False,False,False,True,False,False,False,False
2025-06-11 15:30:00+03:00,1.2486164251923526,1.348780263069035,-0.10016383787668248,red,False,False,True,False,False,False,True,False,False,False,False
2025-06-11 16:30:00+03:00,1.2131613824216174,1.3318207922243717,-0.11865940980275425,red,False,False,True,False,False,False,True,False,False,False,False
2025-06-11 17:30:00+03:00,1.147626450999013,1.3064582804251614,-0.15883182942614837,red,False,False,True,False,False,False,True,False,False,False,False
2025-06-12 09:30:00+03:00,1.075225664582696,1.2672671709606622,-0.19204150637796613,red,False,False,True,False,False,False,True,False,False,False,False
2025-06-12 10:30:00+03:00,0.9344534285829766,1.2141429069555016,-0.279689478372525,red,False,False,True,False,False,False,True,False,False,False,False
2025-06-12 11:30:00+03:00,0.8294669212796322,1.1524804443326861,-0.323013523053054,red,False,False,True,False,False,False,True,False,False,False,False
2025-06-12 12:30:00+03:00,0.7537143975439236,1.0879334500071534,-0.3342190524632298,red,False,False,True,False,False,False,True,False,False,False,False
2025-06-12 13:30:00+03:00,0.6937521823570876,1.019646215935821,-0.3258940335787335,maroon,False,False,True,False,False,False,False,False,True,False,False
2025-06-12 14:30:00+03:00,0.6229127542427975,0.9465477341335663,-0.32363497989076884,maroon,False,False,True,False,False,False,False,False,True,False,False
2025-06-12 15:30:00+03:00,0.5922217062789414,0.8736149875876317,-0.28139328130869024,maroon,False,False,True,False,False,False,False,False,True,False,False
2025-06-12 16:30:00+03:00,0.5215410082300025,0.796768279344119,-0.2752272711141165,maroon,False,False,True,False,False,False,False,False,True,False,False
2025-06-12 17:30:00+03:00,0.4482552762942049,0.7190603710435847,-0.27080509474937975,maroon,False,False,True,False,False,False,False,False,True,False,False
2025-06-13 09:30:00+03:00,0.23815082764908624,0.6260520558287391,-0.3879012281796529,red,False,False,True,False,False,False,True,False,False,False,False
2025-06-13 10:30:00+03:00,0.07481395802292212,0.5305365590998442,-0.4557226010769221,red,False,False,True,False,False,False,True,False,False,False,False
2025-06-13 11:30:00+03:00,-0.014123064710091171,0.43680433843431943,-0.4509274031444106,maroon,False,False,False,False,True,False,False,False,True,False,False
2025-06-13 12:30:00+03:00,-0.11555107530082154,0.3402192858960144,-0.45577036119683595,red,False,False,False,False,False,False,True,False,False,False,False
2025-06-13 13:30:00+03:00,-0.19768918712117056,0.2411702448428746,-0.4388594319640452,maroon,False,False,False,False,False,False,False,False,True,False,False
2025-06-13 14:30:00+03:00,-0.25580099727620365,0.1435353835629856,-0.3993363808391892,maroon,False,False,False,False,False,False,False,False,True,False,False
2025-06-13 15:30:00+03:00,-0.26251758542783676,0.04856435115112134,-0.3110819365789581,maroon,False,False,False,False,False,False,False,False,True,False,False
2025-06-13 16:30:00+03:00,-0.2767541498853774,-0.040135110861698645,-0.23661903902367876,maroon,False,False,False,False,False,False,False,False,True,False,True
2025-06-13 17:30:00+03:00,-0.20897072328702393,-0.11316022192627963,-0.0958105013607443,maroon,False,False,False,False,False,False,False,False,True,False,False
2025-06-16 09:30:00+03:00,-0.07371053751010948,-0.14781148472174582,0.07410094721163635,aqua,True,False,False,False,False,True,False,False,False,False,False
2025-06-16 10:30:00+03:00,0.017148071824323097,-0.15421880541047905,0.17136687723480215,aqua,False,False,True,True,False,True,False,False,False,False,False
2025-06-16 11:30:00+03:00,0.08414962920887348,-0.14329961719726075,0.22744924640613423,aqua,False,False,True,False,False,True,False,False,False,False,False
2025-06-16 12:30:00+03:00,0.1356847567413908,-0.11538452474812605,0.25106928148951685,aqua,False,False,True,False,False,True,False,False,False,False,False
2025-06-16 13:30:00+03:00,0.1944580360703867,-0.07181261106017524,0.2662706471305619,aqua,False,False,True,False,False,True,False,False,False,False,False
2025-06-16 14:30:00+03:00,0.25823245108803405,-0.014697783464148826,0.2729302345521829,aqua,False,False,True,False,False,True,False,False,False,False,False
2025-06-16 15:30:00+03:00,0.2893008640885881,0.04661537759323172,0.2426854864953564,blue,False,False,True,False,False,False,False,True,False,False,False
2025-06-16 16:30:00+03:00,0.3422542909928836,0.11539409324637183,0.22686019774651178,blue,False,False,True,False,False,False,False,True,False,False,False
2025-06-16 17:30:00+03:00,0.3678757511356139,0.17948814595999826,0.18838760517561562,blue,False,False,True,False,False,False,False,True,False,True,False
2025-06-17 09:30:00+03:00,0.3279167117407624,0.2241133958767618,0.10380331586400063,blue,False,False,True,False,False,False,False,True,False,False,False
2025-06-17 10:30:00+03:00,0.28090720007799064,0.25341996568272485,0.02748723439526579,blue,False,False,True,False,False,False,False,True,False,False,True
2025-06-17 11:30:00+03:00,0.28873829058458256,0.27615203916891473,0.012586251415667826,blue,False,False,True,False,False,False,False,True,False,True,False
2025-06-17 12:30:00+03:00,0.2716402755617153,0.2912582079267286,-0.019617932365013246,red,False,True,True,False,False,False,True,False,False,False,True
2025-06-17 13:30:00+03:00,0.29104627592858634,0.3019902345776397,-0.010943958649053342,maroon,False,False,True,False,False,False,False,False,True,True,False
2025-06-17 14:30:00+03:00,0.2750135343952067,0.30385479938954774,-0.02884126499434103,red,False,False,True,False,False,False,True,False,False,False,False
2025-06-17 15:30:00+03:00,0.24735227860070808,0.29919384544644995,-0.05184156684574187,red,False,False,True,False,False,False,True,False,False,False,False
2025-06-17 16:30:00+03:00,0.2069070483437372,0.28415526292987814,-0.07724821458614095,red,False,False,True,False,False,False,True,False,False,False,False
2025-06-17 17:30:00+03:00,0.1329752349134239,0.258055205571857,-0.12507997065843313,red,False,False,True,False,False,False,True,False,False,False,False
2025-06-18 09:30:00+03:00,0.07353606216985753,0.22979068895286758,-0.15625462678301005,red,False,False,True,False,False,False,True,False,False,False,False
2025-06-18 10:30:00+03:00,-0.037688711023463384,0.19439114327492824,-0.23207985429839162,red,False,False,False,False,True,False,True,False,False,False,False
2025-06-18 11:30:00+03:00,-0.11642404010801499,0.1493731065313063,-0.2657971466393213,red,False,False,False,False,False,False,True,False,False,False,False
2025-06-18 12:30:00+03:00,-0.16083001724623358,0.10132085177486753,-0.26215086902110113,maroon,False,False,False,False,False,False,False,False,True,False,False
2025-06-18 13:30:00+03:00,-0.2057538336482594,0.04612083959966245,-0.25187467324792184,maroon,False,False,False,False,False,False,False,False,True,False,False
2025-06-18 14:30:00+03:00,-0.23860578286753054,-0.010947973429530578,-0.22765780943799996,maroon,False,False,False,False,False,False,False,False,True,False,False
2025-06-18 15:30:00+03:00,-0.32544324256282664,-0.07459192022547888,-0.25085132233734775,red,False,False,False,False,False,False,True,False,False,False,False
2025-06-18 16:30:00+03:00,-0.3498834945456082,-0.1364575361020728,-0.21342595844353537,maroon,False,False,False,False,False,False,False,False,True,False,True
2025-06-18 17:30:00+03:00,-0.3092040471233162,-0.18558856743948837,-0.1236154796838278,maroon,False,False,False,False,False,False,False,False,True,False,False
2025-06-19 09:30:00+03:00,-0.24987742926771261,-0.22152339982144062,-0.028354029446271994,maroon,False,False,False,False,False,False,False,False,True,False,False
2025-06-19 10:30:00+03:00,-0.18060583488775706,-0.2374030802508066,0.05679724536304953,aqua,True,False,False,False,False,True,False,False,False,False,False
2025-06-19 11:30:00+03:00,-0.14022920456509524,-0.24004809852381548,0.09981889395872023,aqua,False,False,False,False,False,True,False,False,False,False,False
2025-06-19 12:30:00+03:00,-0.10699703887565448,-0.23406665648264002,0.12706961760698554,aqua,False,False,False,False,False,True,False,False,False,True,False
2025-06-19 13:30:00+03:00,-0.19142213575459976,-0.23247424560556673,0.04105210985096697,blue,False,False,False,False,False,False,False,True,False,False,False
2025-06-19 14:30:00+03:00,-0.2753287257793673,-0.23655457259577084,-0.03877415318359645,red,False,True,False,False,False,False,True,False,False,False,False
2025-06-19 15:30:00+03:00,-0.3538843346568541,-0.23971469393955167,-0.11416964071730243,red,False,False,False,False,False,False,True,False,False,False,False
2025-06-19 16:30:00+03:00,-0.4353294450282874,-0.2492086884376271,-0.1861207565906603,red,False,False,False,False,False,False,True,False,False,False,False
2025-06-19 17:30:00+03:00,-0.4423267237958797,-0.2640000969568008,-0.17832662683907885,maroon,False,False,False,False,False,False,False,False,True,False,True
2025-06-20 09:30:00+03:00,-0.3629960821033009,-0.2765688361607551,-0.0864272459425458,maroon,False,False,False,False,False,False,False,False,True,False,False
2025-06-20 10:30:00+03:00,-0.29670573796121147,-0.28946882539113894,-0.007236912570072529,maroon,False,False,False,False,False,False,False,False,True,False,False
2025-06-20 11:30:00+03:00,-0.2653194640532348,-0.30336774311204334,0.03804827905880853,aqua,True,False,False,False,False,True,False,False,False,False,False
2025-06-20 12:30:00+03:00,-0.24568258113153973,-0.3187772478071417,0.07309466667560194,aqua,False,False,False,False,False,True,False,False,False,False,False
2025-06-20 13:30:00+03:00,-0.24345223422074014,-0.32455836985893505,0.08110613563819491,aqua,False,False,False,False,False,True,False,False,False,True,False
2025-06-20 14:30:00+03:00,-0.2508960563738327,-0.3218436288138757,0.07094757244004296,blue,False,False,False,False,False,False,False,True,False,False,False
2025-06-20 15:30:00+03:00,-0.27780076382632757,-0.31338989872159495,0.03558913489526738,blue,False,False,False,False,False,False,False,True,False,False,False
2025-06-20 16:30:00+03:00,-0.2957141299064645,-0.2978770859302813,0.0021629560238167755,blue,False,False,False,False,False,False,False,True,False,False,False
2025-06-20 17:30:00+03:00,-0.3183444862184217,-0.28410128175500815,-0.03424320446341356,red,False,True,False,False,False,False,True,False,False,False,False
2025-06-23 09:30:00+03:00,-0.3404243555284765,-0.28159331213558325,-0.058831043392893245,red,False,False,False,False,False,False,True,False,False,False,True
2025-06-23 10:30:00+03:00,-0.2980034018984128,-0.2817374970174945,-0.01626590488091828,maroon,False,False,False,False,False,False,False,False,True,False,False
2025-06-23 11:30:00+03:00,-0.2693486481078935,-0.2821851841346788,0.012836536026785306,aqua,True,False,False,False,False,True,False,False,False,False,False
2025-06-23 12:30:00+03:00,-0.24781738529556208,-0.2824223845973479,0.034604999301785844,aqua,False,False,False,False,False,True,False,False,False,False,False
2025-06-23 13:30:00+03:00,-0.23211287998115893,-0.28116245634850556,0.04904957636734664,aqua,False,False,False,False,False,True,False,False,False,False,False
2025-06-23 14:30:00+03:00,-0.1892432088463991,-0.2743121399565685,0.08506893111016939,aqua,False,False,False,False,False,True,False,False,False,False,False
2025-06-23 15:30:00+03:00,-0.1574877850294527,-0.2609440312013602,0.10345624617190752,aqua,False,False,False,False,False,True,False,False,False,False,False
2025-06-23 16:30:00+03:00,-0.15075646682495858,-0.24483762419230398,0.0940811573673454,blue,False,False,False,False,False,False,False,True,False,False,False
2025-06-23 17:30:00+03:00,-0.1357875333522358,-0.22455351831828332,0.08876598496604751,blue,False,False,False,False,False,False,False,True,False,False,False
2025-06-24 09:30:00+03:00,0.08489498549050012,-0.17729581376061926,0.2621907992511194,aqua,False,False,True,True,False,True,False,False,False,False,False
2025-06-24 10:30:00+03:00,0.23289536754774787,-0.11830706159993475,0.3512024291476826,aqua,False,False,True,False,False,True,False,False,False,False,False
2025-06-24 11:30:00+03:00,0.33821891831743756,-0.05079955421934241,0.38901847253677996,aqua,False,False,True,False,False,True,False,False,False,False,False
2025-06-24 12:30:00+03:00,0.44081458619803016,0.02571510927994562,0.4150994769180845,aqua,False,False,True,False,False,True,False,False,False,False,False
2025-06-24 13:30:00+03:00,0.5121837362968265,0.10841473331083289,0.40376900298599355,blue,False,False,True,False,False,False,False,True,False,False,False
2025-06-24 14:30:00+03:00,0.5742285147728055,0.19324492482407785,0.3809835899487276,blue,False,False,True,False,False,False,False,True,False,False,False
2025-06-24 15:30:00+03:00,0.5963521615585705,0.27700491888941375,0.31934724266915676,blue,False,False,True,False,False,False,False,True,False,False,False
2025-06-24 16:30:00+03:00,0.6627299837299532,0.36739230228440395,0.2953376814455492,blue,False,False,True,False,False,False,False,True,False,False,False
2025-06-24 17:30:00+03:00,0.7430804182727258,0.4650442969093997,0.27803612136332606,blue,False,False,True,False,False,False,False,True,False,False,False
2025-06-25 09:30:00+03:00,0.777621865070941,0.5420139501961153,0.23560791487482569,blue,False,False,True,False,False,False,False,True,False,False,False
2025-06-25 10:30:00+03:00,0.7958224645274186,0.6045614054160787,0.19126105911133984,blue,False,False,True,False,False,False,False,True,False,True,False
2025-06-25 11:30:00+03:00,0.7810699716283338,0.6537670780061783,0.12730289362215552,blue,False,False,True,False,False,False,False,True,False,False,False
2025-06-25 12:30:00+03:00,0.744656191582564,0.6875272563822377,0.05712893520032636,blue,False,False,True,False,False,False,False,True,False,False,False
2025-06-25 13:30:00+03:00,0.7235952431021886,0.7110174238050556,0.012577819297132975,blue,False,False,True,False,False,False,False,True,False,False,False
2025-06-25 14:30:00+03:00,0.6789053804112655,0.7226481866537734,-0.043742806242507926,red,False,True,True,False,False,False,True,False,False,False,False
2025-06-25 15:30:00+03:00,0.6321665986467551,0.7266275685524606,-0.09446096990570552,red,False,False,True,False,False,False,True,False,False,False,False
2025-06-25 16:30:00+03:00,0.5723892404070625,0.7165897081832505,-0.144200467776188,red,False,False,True,False,False,False,True,False,False,False,False
2025-06-25 17:30:00+03:00,0.5708841470938637,0.697456789163377,-0.12657264206951324,maroon,False,False,True,False,False,False,False,False,True,False,True
2025-06-26 09:30:00+03:00,0.5911192468827124,0.6767342760313516,-0.08561502914863917,maroon,False,False,True,False,False,False,False,False,True,True,False
2025-06-26 10:30:00+03:00,0.5763049927992441,0.6523434458393322,-0.07603845304008816,maroon,False,False,True,False,False,False,False,False,True,False,False
2025-06-26 11:30:00+03:00,0.5381877852660608,0.625356536243524,-0.08716875097746324,red,False,False,True,False,False,False,True,False,False,False,False
2025-06-26 12:30:00+03:00,0.5261222451663627,0.601074986641724,-0.07495274147536124,maroon,False,False,True,False,False,False,False,False,True,False,False
2025-06-26 13:30:00+03:00,0.5186505778367518,0.5783033571677865,-0.05965277933103463,maroon,False,False,True,False,False,False,False,False,True,False,True
2025-06-26 14:30:00+03:00,0.5228406363419253,0.560962830048971,-0.038122193707045615,maroon,False,False,True,False,False,False,False,False,True,True,False
2025-06-26 15:30:00+03:00,0.5002221279190096,0.5463023333014436,-0.04608020538243407,red,False,False,True,False,False,False,True,False,False,False,False
2025-06-26 16:30:00+03:00,0.4728119941136697,0.5352381948244,-0.06242620071073035,red,False,False,True,False,False,False,True,False,False,False,False
2025-06-26 17:30:00+03:00,0.4299941703665837,0.5195837529658134,-0.08958958259922967,red,False,False,True,False,False,False,True,False,False,False,False
2025-06-27 09:30:00+03:00,0.3676156608235317,0.49475002118145994,-0.12713436035792824,red,False,False,True,False,False,False,True,False,False,False,False
2025-06-27 10:30:00+03:00,0.3384858199975014,0.46832566864793296,-0.12983984865043158,red,False,False,True,False,False,False,True,False,False,False,False
2025-06-27 11:30:00+03:00,0.2838858006740139,0.44006989258215,-0.1561840919081361,red,False,False,True,False,False,False,True,False,False,False,False
2025-06-27 12:30:00+03:00,0.22191836512143936,0.40626946146604737,-0.184351096344608,red,False,False,True,False,False,False,True,False,False,False,True
2025-06-27 13:30:00+03:00,0.3263950122008126,0.384907731950943,-0.05851271975013045,maroon,False,False,True,False,False,False,False,False,True,False,False
2025-06-27 14:30:00+03:00,0.3606557508342263,0.3668871891167542,-0.0062314382825279235,maroon,False,False,True,False,False,False,False,False,True,False,False
2025-06-27 15:30:00+03:00,0.37939932539728005,0.3534624332810065,0.025936892116273536,aqua,True,False,True,False,False,True,False,False,False,False,False
2025-06-27 16:30:00+03:00,0.41369269050402835,0.34689362176882416,0.06679906873520419,aqua,False,False,True,False,False,True,False,False,False,False,False
2025-06-27 17:30:00+03:00,0.44382335123830785,0.34843019742123793,0.09539315381706992,aqua,False,False,True,False,False,True,False,False,False,False,False
2025-06-30 09:30:00+03:00,0.5501213443219655,0.3687086066988417,0.18141273762312377,aqua,False,False,True,False,False,True,False,False,False,False,False
2025-06-30 10:30:00+03:00,0.7228609195200946,0.41141695109024096,0.3114439684298536,aqua,False,False,True,False,False,True,False,False,False,False,False
2025-06-30 11:30:00+03:00,1.0334358805673318,0.4947002933006096,0.5387355872667222,aqua,False,False,True,False,False,True,False,False,False,False,False
2025-06-30 12:30:00+03:00,1.328804701692512,0.6176876640307287,0.7111170376617832,aqua,False,False,True,False,False,True,False,False,False,False,False
2025-06-30 13:30:00+03:00,1.6088932453643778,0.7601874677155693,0.8487057776488085,aqua,False,False,True,False,False,True,False,False,False,False,False
2025-06-30 14:30:00+03:00,1.8100008708011543,0.9212258143785613,0.888775056422593,aqua,False,False,True,False,False,True,False,False,False,False,False
2025-06-30 15:30:00+03:00,1.9469370346527484,1.0953966709625023,0.8515403636902461,blue,False,False,True,False,False,False,False,True,False,False,False
2025-06-30 16:30:00+03:00,2.020070561202644,1.2738831010401261,0.7461874601625178,blue,False,False,True,False,False,False,False,True,False,False,False
2025-06-30 17:30:00+03:00,2.0503593136447904,1.4523870968630688,0.5979722167817216,blue,False,False,True,False,False,False,False,True,False,False,False
2025-07-01 09:30:00+03:00,2.094598786910396,1.6239957015951165,0.4706030853152794,blue,False,False,True,False,False,False,False,True,False,True,False
2025-07-01 10:30:00+03:00,2.0934233375536877,1.7762804147099602,0.31714292284372747,blue,False,False,True,False,False,False,False,True,False,False,False
2025-07-01 11:30:00+03:00,2.0646568778028893,1.890860525513911,0.17379635228897827,blue,False,False,True,False,False,False,False,True,False,False,False
2025-07-01 12:30:00+03:00,2.0066242662151694,1.966173810460873,0.0404504557542964,blue,False,False,True,False,False,False,False,True,False,False,False
2025-07-01 13:30:00+03:00,1.9422784548126941,2.0032166115106858,-0.06093815669799163,red,False,True,True,False,False,False,True,False,False,False,False
2025-07-01 14:30:00+03:00,1.893662709782177,2.012512371397466,-0.1188496616152892,red,False,False,True,False,False,False,True,False,False,False,False
2025-07-01 15:30:00+03:00,1.826015554166915,1.9990766513434848,-0.1730610971765698,red,False,False,True,False,False,False,True,False,False,False,False
2025-07-01 16:30:00+03:00,1.7522063518567563,1.9693139614161639,-0.21710760955940756,red,False,False,True,False,False,False,True,False,False,False,False
2025-07-01 17:30:00+03:00,1.6624451406194822,1.926212386635574,-0.2637672460160918,red,False,False,True,False,False,False,True,False,False,False,False
2025-07-02 09:30:00+03:00,1.6050825065705823,1.8718216888200392,-0.2667391822494569,red,False,False,True,False,False,False,True,False,False,False,False
2025-07-02 10:30:00+03:00,1.5777465344455095,1.8145242662524639,-0.23677773180695438,maroon,False,False,True,False,False,False,False,False,True,False,True
2025-07-02 11:30:00+03:00,1.594189657176571,1.7622501306273175,-0.16806047345074648,maroon,False,False,True,False,False,False,False,False,True,True,False
2025-07-02 12:30:00+03:00,1.5649737833764732,1.7131778547563512,-0.148204071379878,maroon,False,False,True,False,False,False,False,False,True,False,False
2025-07-02 13:30:00+03:00,1.5082946135691628,1.6649574279515145,-0.15666281438235163,red,False,False,True,False,False,False,True,False,False,False,False
2025-07-02 14:30:00+03:00,1.426756294049838,1.6130789373145877,-0.1863226432647498,red,False,False,True,False,False,False,True,False,False,False,False
2025-07-02 15:30:00+03:00,1.3147047106634346,1.5562666213697567,-0.24156191070632205,red,False,False,True,False,False,False,True,False,False,False,False
2025-07-02 16:30:00+03:00,1.219910313582318,1.4971226171170413,-0.27721230353472337,red,False,False,True,False,False,False,True,False,False,False,False
2025-07-02 17:30:00+03:00,1.143704412300039,1.4394847584148809,-0.29578034611484183,red,False,False,True,False,False,False,True,False,False,False,False
2025-07-03 09:30:00+03:00,1.1347831728339202,1.3872292768885852,-0.25244610405466505,maroon,False,False,True,False,False,False,False,False,True,False,False
2025-07-03 10:30:00+03:00,1.007169409814253,1.3238318185962232,-0.3166624087819703,red,False,False,True,False,False,False,True,False,False,False,False
2025-07-03 11:30:00+03:00,0.8996976415991611,1.2466660390876223,-0.3469683974884612,red,False,False,True,False,False,False,True,False,False,False,False
2025-07-03 12:30:00+03:00,0.8331638640290464,1.165353825826797,-0.3321899617977506,maroon,False,False,True,False,False,False,False,False,True,False,False
2025-07-03 13:30:00+03:00,0.7795186018851581,1.0843787134174632,-0.3048601115323051,maroon,False,False,True,False,False,False,False,False,True,False,False
2025-07-03 14:30:00+03:00,0.7605143888580841,1.0103518350628238,-0.2498374462047397,maroon,False,False,True,False,False,False,False,False,True,False,False
2025-07-03 15:30:00+03:00,0.732969370091439,0.9457145749992688,-0.21274520490782978,maroon,False,False,True,False,False,False,False,False,True,False,False
2025-07-03 16:30:00+03:00,0.6671383951855319,0.8842954729551814,-0.21715707776964954,red,False,False,True,False,False,False,True,False,False,False,False
2025-07-03 17:30:00+03:00,0.6039698563562155,0.824324966739201,-0.2203551103829855,red,False,False,True,False,False,False,True,False,False,False,False
2025-07-04 09:30:00+03:00,0.5196758823423266,0.755979712240135,-0.2363038298978084,red,False,False,True,False,False,False,True,False,False,False,False
2025-07-04 10:30:00+03:00,0.4357454290437488,0.6924881588211902,-0.2567427297774414,red,False,False,True,False,False,False,True,False,False,False,False
2025-07-04 11:30:00+03:00,0.38895405888972334,0.6357388718534749,-0.24678481296375154,maroon,False,False,True,False,False,False,False,False,True,False,False
2025-07-04 12:30:00+03:00,0.3478616286107581,0.5818164012514428,-0.23395477264068476,maroon,False,False,True,False,False,False,False,False,True,False,False
2025-07-04 13:30:00+03:00,0.3037247746518119,0.5289504204477377,-0.22522564579592574,maroon,False,False,True,False,False,False,False,False,True,False,True
2025-07-04 14:30:00+03:00,0.31354710217635784,0.47928738859421255,-0.1657402864178547,maroon,False,False,True,False,False,False,False,False,True,True,False
2025-07-04 15:30:00+03:00,0.29772645163659206,0.4309270643214518,-0.13320061268485972,maroon,False,False,True,False,False,False,False,False,True,False,True
2025-07-04 16:30:00+03:00,0.3018814809671255,0.39034296274162883,-0.0884614817745033,maroon,False,False,True,False,False,False,False,False,True,False,False
2025-07-04 17:30:00+03:00,0.3415826409159308,0.3611888276927083,-0.0196061867767775,maroon,False,False,True,False,False,False,False,False,True,False,False
