datetime,squeeze_on,squeeze_off,no_squeeze,momentum,momentum_hist,momentum_color,squeeze_release,squeeze_start,bb_upper,bb_lower,kc_upper,kc_lower
2024-10-15 08:00:00+03:00,False,False,True,,,gray,False,False,,,,
2024-10-15 12:00:00+03:00,False,False,True,,,gray,False,False,,,,
2024-10-15 16:00:00+03:00,False,False,True,,,gray,False,False,,,,
2024-10-16 08:00:00+03:00,False,False,True,,,gray,False,False,,,,
2024-10-16 12:00:00+03:00,False,False,True,,,gray,False,False,,,,
2024-10-16 16:00:00+03:00,False,False,True,,,gray,False,False,,,,
2024-10-17 08:00:00+03:00,False,False,True,,,gray,False,False,,,,
2024-10-17 12:00:00+03:00,False,False,True,,,gray,False,False,,,,
2024-10-17 16:00:00+03:00,False,False,True,,,gray,False,False,,,,
2024-10-18 08:00:00+03:00,False,False,True,,,gray,False,False,,,,
2024-10-18 12:00:00+03:00,False,False,True,,,gray,False,False,,,,
2024-10-18 16:00:00+03:00,False,False,True,,,gray,False,False,,,,
2024-10-21 08:00:00+03:00,False,False,True,,,gray,False,False,,,,
2024-10-21 12:00:00+03:00,False,False,True,,,gray,False,False,,,,
2024-10-21 16:00:00+03:00,False,False,True,,,gray,False,False,,,,
2024-10-22 08:00:00+03:00,False,False,True,,,gray,False,False,,,,
2024-10-22 12:00:00+03:00,False,False,True,,,gray,False,False,,,,
2024-10-22 16:00:00+03:00,False,False,True,,,gray,False,False,,,,
2024-10-23 08:00:00+03:00,False,False,True,,,gray,False,False,,,,
2024-10-23 12:00:00+03:00,False,True,False,,,gray,False,False,277.1641068194806,261.91089318051945,276.2875,262.7875
2024-10-23 16:00:00+03:00,True,False,False,,,gray,False,True,276.4298217349967,263.34517826500326,276.46875,263.30625
2024-10-24 08:00:00+03:00,True,False,False,,,gray,False,False,276.18636512692075,264.5136348730793,276.9125,263.7875
2024-10-24 12:00:00+03:00,True,False,False,,,gray,False,False,276.3935749692335,264.7064250307665,276.7375,264.3625
2024-10-24 16:00:00+03:00,True,False,False,,,gray,False,False,276.49982436015176,265.4501756398483,277.01250000000005,264.9375
2024-10-25 08:00:00+03:00,True,False,False,,,gray,False,False,276.2116892181794,266.6883107818206,277.54375,265.35625
2024-10-25 12:00:00+03:00,True,False,False,,,gray,False,False,276.31340738313224,266.9865926168677,277.575,265.72499999999997
2024-10-25 16:00:00+03:00,True,False,False,,,gray,False,False,276.84888080162204,266.77611919837796,277.625,266.0
2024-10-28 08:00:00+03:00,True,False,False,,,gray,False,False,277.72830219539145,266.2966978046085,277.78749999999997,266.2375
2024-10-28 12:00:00+03:00,False,True,False,,,gray,True,False,278.5254898051344,265.94951019486564,277.73125,266.74375000000003
2024-10-30 08:00:00+03:00,False,True,False,,,gray,False,False,279.2551150210317,265.7448849789683,277.975,267.025
2024-10-30 12:00:00+03:00,False,True,False,,,gray,False,False,280.120113410246,265.77988658975397,278.33125,267.56874999999997
2024-10-30 16:00:00+03:00,False,True,False,,,gray,False,False,280.75838897595855,266.24161102404145,278.75,268.25
2024-10-31 08:00:00+03:00,False,True,False,,,gray,False,False,280.9493206069993,266.7756793930007,278.94375,268.78125
2024-10-31 12:00:00+03:00,False,True,False,,,gray,False,False,281.0223584529435,267.1276415470565,279.025,269.125
2024-10-31 16:00:00+03:00,False,True,False,,,gray,False,False,280.94236799880736,267.65763200119267,279.19375,269.40625
2024-11-01 08:00:00+03:00,False,True,False,,,gray,False,False,280.8631121433869,267.9118878566131,279.24375,269.53125
2024-11-01 12:00:00+03:00,False,True,False,,,gray,False,False,280.7839007884346,267.76609921156535,278.73749999999995,269.8125
2024-11-01 16:00:00+03:00,False,True,False,,,gray,False,False,280.7199227662529,267.55507723374706,278.50624999999997,269.76875
2024-11-04 08:00:00+03:00,False,True,False,0.3834821428571398,0.3834821428571398,gray,False,False,280.68225742202935,267.6427425779707,278.3625,269.96250000000003
2024-11-04 12:00:00+03:00,False,True,False,-1.1138392857142927,-1.1138392857142927,red,False,False,280.58377878524533,267.81622121475465,278.2125,270.1875
2024-11-04 16:00:00+03:00,False,True,False,-2.898392857142862,-2.898392857142862,red,False,False,280.66405961883873,267.6859403811613,278.1875,270.1625
2024-11-05 08:00:00+03:00,False,True,False,-3.3820535714285738,-3.3820535714285738,red,False,False,280.67000968678656,267.6299903132134,278.2,270.09999999999997
2024-11-05 12:00:00+03:00,False,True,False,-3.9492857142857147,-3.9492857142857147,red,False,False,280.68826708307245,267.5117329169276,278.15000000000003,270.05
2024-11-05 16:00:00+03:00,False,True,False,-4.268035714285712,-4.268035714285712,red,False,False,280.65926888088916,267.31573111911086,278.0,269.975
2024-11-06 08:00:00+03:00,False,True,False,-3.0808928571428558,-3.0808928571428558,maroon,False,False,281.4272907629581,267.1227092370419,278.8125,269.73749999999995
2024-11-06 12:00:00+03:00,False,True,False,-2.1711607142857057,-2.1711607142857057,maroon,False,False,282.1387260760204,267.0862739239796,279.225,270.0
2024-11-06 16:00:00+03:00,False,True,False,-1.0949999999999944,-1.0949999999999944,maroon,False,False,282.6066313960999,266.96836860390016,279.19375,270.38125
2024-11-07 08:00:00+03:00,False,True,False,-0.49026785714285426,-0.49026785714285426,maroon,False,False,282.3701444871405,267.0048555128595,279.05625,270.31875
2024-11-07 12:00:00+03:00,False,True,False,0.32133928571429315,0.32133928571429315,lime,False,False,282.27164507729213,267.0283549227078,279.16875,270.13124999999997
2024-11-07 16:00:00+03:00,False,True,False,1.9450000000000118,1.9450000000000118,lime,False,False,283.06306962078025,266.66193037921977,279.625,270.1
2024-11-08 08:00:00+03:00,False,True,False,4.279553571428584,4.279553571428584,lime,False,False,285.14297772659864,265.4570222734014,280.4375,270.1625
2024-11-08 12:00:00+03:00,False,True,False,6.778750000000007,6.778750000000007,lime,False,False,287.45651345540034,264.19348654459964,281.16875,270.48125
2024-11-08 16:00:00+03:00,False,True,False,8.831250000000008,8.831250000000008,lime,False,False,289.61984089311335,263.3301591068867,281.74375000000003,271.20625
2024-11-11 08:00:00+03:00,False,True,False,10.309464285714293,10.309464285714293,lime,False,False,291.32224864229204,262.9777513577079,282.5125,271.78749999999997
2024-11-11 12:00:00+03:00,False,True,False,11.277321428571442,11.277321428571442,lime,False,False,292.5911780250399,263.00882197496014,283.2375,272.3625
2024-11-11 16:00:00+03:00,False,True,False,12.030803571428581,12.030803571428581,lime,False,False,293.8508843574467,263.34911564255333,283.98125000000005,273.21875
2024-11-12 08:00:00+03:00,False,True,False,12.699285714285724,12.699285714285724,lime,False,False,295.0326244555552,263.76737554444475,284.91249999999997,273.8875
2024-11-12 12:00:00+03:00,False,True,False,12.70705357142857,12.70705357142857,lime,False,False,295.6917133401719,264.5832866598281,285.72499999999997,274.55
2024-11-12 16:00:00+03:00,False,True,False,12.450089285714283,12.450089285714283,green,False,False,296.14326673649555,265.8067332635045,286.39375,275.55625000000003
2024-11-13 08:00:00+03:00,False,True,False,10.977857142857136,10.977857142857136,green,False,False,295.75362729418964,267.5713727058104,287.23125000000005,276.09375
2024-11-13 12:00:00+03:00,False,True,False,9.376785714285703,9.376785714285703,green,False,False,294.96184473016666,270.0631552698333,288.2125,276.8125
2024-11-13 16:00:00+03:00,False,True,False,8.353392857142845,8.353392857142845,green,False,False,294.73689316361686,271.7131068363832,288.7375,277.71250000000003
2024-11-14 08:00:00+03:00,False,True,False,6.990357142857134,6.990357142857134,green,False,False,294.0545555053933,273.7954444946067,289.64375,278.20625
2024-11-14 12:00:00+03:00,False,True,False,5.469910714285705,5.469910714285705,green,False,False,292.9577886775719,276.24221132242815,290.28125,278.91875000000005
2024-11-14 16:00:00+03:00,False,True,False,4.229017857142852,4.229017857142852,green,False,False,292.8789632734937,276.79603672650626,290.0125,279.66249999999997
2024-11-15 08:00:00+03:00,False,True,False,4.212410714285709,4.212410714285709,green,False,False,293.6691382586368,277.2058617413632,290.95,279.925
2024-11-15 12:00:00+03:00,False,True,False,3.66883928571428,3.66883928571428,green,False,False,293.8596126236032,278.0153873763968,291.7125,280.1625
2024-11-15 16:00:00+03:00,False,True,False,2.622410714285709,2.622410714285709,green,False,False,293.121694029436,280.003305970564,292.225,280.9
2024-11-18 08:00:00+03:00,True,False,False,1.8799999999999972,1.8799999999999972,green,False,True,292.2967248283551,282.1282751716449,293.00624999999997,281.41875
2024-11-18 12:00:00+03:00,True,False,False,1.083928571428567,1.083928571428567,green,False,False,292.0971676218379,283.05283237816207,293.10625,282.04375
2024-11-18 16:00:00+03:00,True,False,False,0.6968749999999986,0.6968749999999986,green,False,False,292.2458652311489,283.07913476885113,292.875,282.45000000000005
2024-11-19 08:00:00+03:00,True,False,False,0.2588392857142825,0.2588392857142825,green,False,False,292.0635963576724,283.0614036423276,292.71875,282.40625
2024-11-19 12:00:00+03:00,True,False,False,-1.2435714285714319,-1.2435714285714319,red,False,False,292.6155980835231,281.5594019164769,292.73125,281.44374999999997
2024-11-19 16:00:00+03:00,False,True,False,-2.3655357142857145,-2.3655357142857145,red,True,False,292.82391081136444,280.6010891886355,292.41249999999997,281.0125
2024-11-20 08:00:00+03:00,False,True,False,-3.709196428571424,-3.709196428571424,red,False,False,293.2651121558356,279.3598878441644,292.03125,280.59375
2024-11-20 12:00:00+03:00,False,True,False,-5.110803571428564,-5.110803571428564,red,False,False,293.8249740705677,277.65002592943233,291.49375000000003,279.98125
2024-11-20 16:00:00+03:00,False,True,False,-6.7724107142857015,-6.7724107142857015,red,False,False,294.8046707807923,275.0453292192077,290.75625,279.09375
2024-11-21 08:00:00+03:00,False,True,False,-8.234910714285702,-8.234910714285702,red,False,False,295.49391811727764,272.9310818827223,289.96875,278.45624999999995
2024-11-21 12:00:00+03:00,False,True,False,-8.685892857142848,-8.685892857142848,red,False,False,295.38435879816893,271.9406412018311,289.70000000000005,277.625
2024-11-21 16:00:00+03:00,False,True,False,-8.938839285714273,-8.938839285714273,red,False,False,295.3846984461538,271.5403015538462,289.36875,277.55625
2024-11-22 08:00:00+03:00,False,True,False,-8.742767857142848,-8.742767857142848,maroon,False,False,295.2456132332659,271.2543867667341,289.175,277.325
2024-11-22 12:00:00+03:00,False,True,False,-8.436785714285712,-8.436785714285712,maroon,False,False,294.93252167438277,270.8924783256173,288.725,277.1
2024-11-22 16:00:00+03:00,False,True,False,-8.106249999999992,-8.106249999999992,maroon,False,False,294.6600756460529,270.5649243539471,288.18125000000003,277.04375
2024-11-25 08:00:00+03:00,False,True,False,-6.904107142857132,-6.904107142857132,maroon,False,False,294.5528505386275,270.5471494613725,288.3625,276.7375
2024-11-25 12:00:00+03:00,False,True,False,-3.8686607142857,-3.8686607142857,maroon,False,False,296.79783300005425,269.55216699994577,290.05625000000003,276.29375
2024-11-25 16:00:00+03:00,False,True,False,-0.44026785714283934,-0.44026785714283934,maroon,False,False,297.869175661017,268.98082433898304,289.7625,277.08750000000003
2024-11-26 08:00:00+03:00,False,True,False,2.0301785714285874,2.0301785714285874,lime,False,False,298.52687201239104,268.72312798760896,289.925,277.325
2024-11-26 12:00:00+03:00,False,True,False,4.032410714285725,4.032410714285725,lime,False,False,298.99248100519765,268.5825189948024,290.18125000000003,277.39375
2024-11-26 16:00:00+03:00,False,True,False,6.3547321428571495,6.3547321428571495,lime,False,False,299.51108506567107,268.3889149343289,290.26875,277.63124999999997
2024-11-27 08:00:00+03:00,False,True,False,8.654196428571433,8.654196428571433,lime,False,False,300.45915920414325,268.04084079585675,290.85,277.65
2024-11-27 12:00:00+03:00,False,True,False,10.604107142857144,10.604107142857144,lime,False,False,301.1812217146927,267.8187782853073,291.1,277.9
2024-11-27 16:00:00+03:00,False,True,False,12.333125000000003,12.333125000000003,lime,False,False,302.12325179798313,267.6017482020169,291.3125,278.4125
2024-11-28 08:00:00+03:00,False,True,False,11.935982142857144,11.935982142857144,green,False,False,302.3987301969685,268.1012698030315,291.625,278.875
2024-11-28 12:00:00+03:00,False,True,False,11.250446428571426,11.250446428571426,green,False,False,302.54766100676227,268.4773389932377,291.84999999999997,279.175
2024-11-28 16:00:00+03:00,False,True,False,10.110982142857136,10.110982142857136,green,False,False,302.59271626483803,269.03228373516197,292.075,279.55
2024-11-29 08:00:00+03:00,False,True,False,8.657232142857143,8.657232142857143,green,False,False,302.4729996032897,270.00200039671034,292.5375,279.9375
2024-11-29 12:00:00+03:00,False,True,False,6.745625000000002,6.745625000000002,green,False,False,301.78658151095624,271.96341848904376,293.00625,280.74375
2024-11-29 16:00:00+03:00,False,True,False,4.458482142857146,4.458482142857146,green,False,False,300.83595662516836,274.0890433748316,293.6875,281.23749999999995
2024-12-02 08:00:00+03:00,False,True,False,2.2119642857142843,2.2119642857142843,green,False,False,300.2706958021893,275.4293041978107,293.925,281.77500000000003
2024-12-02 12:00:00+03:00,False,True,False,0.035089285714287044,0.035089285714287044,green,False,False,299.94440449529395,276.230595504706,294.04999999999995,282.125
2024-12-02 16:00:00+03:00,False,True,False,-1.650446428571426,-1.650446428571426,red,False,False,299.6976746440239,277.02732535597613,294.25,282.475
2024-12-03 08:00:00+03:00,False,True,False,-2.795982142857138,-2.795982142857138,red,False,False,299.4062372281766,278.3187627718234,295.06875,282.65625
2024-12-03 12:00:00+03:00,False,True,False,-4.192410714285707,-4.192410714285707,red,False,False,298.91718656777647,279.7578134322235,295.59999999999997,283.075
2024-12-03 16:00:00+03:00,False,True,False,-5.30258928571428,-5.30258928571428,red,False,False,298.8274534441864,280.3225465558136,295.55625,283.59375
2024-12-04 08:00:00+03:00,False,True,False,-4.8815178571428515,-4.8815178571428515,maroon,False,False,297.83701590223626,280.66298409776374,294.2375,284.2625
2024-12-04 12:00:00+03:00,False,True,False,-4.564999999999991,-4.564999999999991,maroon,False,False,296.690376972381,281.03462302761903,293.8875,283.83750000000003
2024-12-04 16:00:00+03:00,False,True,False,-4.283214285714279,-4.283214285714279,maroon,False,False,296.1901245641599,281.1348754358402,293.46250000000003,283.8625
2024-12-05 08:00:00+03:00,False,True,False,-3.2912499999999882,-3.2912499999999882,maroon,False,False,296.43314983063715,281.0418501693629,293.63125,283.84375
2024-12-05 12:00:00+03:00,False,True,False,-2.28526785714285,-2.28526785714285,maroon,False,False,296.2649509670397,281.1100490329603,293.6375,283.7375
2024-12-05 16:00:00+03:00,False,True,False,-0.7208035714285632,-0.7208035714285632,maroon,False,False,295.84638747456637,281.3286125254336,293.2,283.97499999999997
2024-12-06 08:00:00+03:00,False,True,False,1.1610714285714305,1.1610714285714305,lime,False,False,296.0722601100999,281.2027398899001,293.28749999999997,283.9875
2024-12-06 12:00:00+03:00,False,True,False,3.2068750000000033,3.2068750000000033,lime,False,False,296.3065118850976,281.0684881149024,293.35625,284.01875
2024-12-06 16:00:00+03:00,False,True,False,4.8755357142857125,4.8755357142857125,lime,False,False,297.8611655955581,280.5388344044419,293.5125,284.8875
2024-12-09 08:00:00+03:00,False,True,False,6.563749999999992,6.563749999999992,lime,False,False,300.0189726648904,279.8810273351096,294.45,285.45
2024-12-09 12:00:00+03:00,False,True,False,7.889285714285709,7.889285714285709,lime,False,False,301.68411086700706,279.79088913299296,295.2,286.27500000000003
2024-12-09 16:00:00+03:00,False,True,False,8.75875,8.75875,lime,False,False,302.7927982262043,280.13220177379566,295.84999999999997,287.075
2024-12-10 08:00:00+03:00,False,True,False,9.774642857142858,9.774642857142858,lime,False,False,304.160593754552,280.439406245448,296.93125000000003,287.66875
2024-12-10 12:00:00+03:00,False,True,False,9.861785714285713,9.861785714285713,lime,False,False,304.62160321813525,281.4533967818648,297.81875,288.25625
2024-12-10 16:00:00+03:00,False,True,False,9.561607142857142,9.561607142857142,green,False,False,304.80116505361053,282.7488349463894,298.4625,289.0875
2024-12-11 08:00:00+03:00,False,True,False,8.93919642857143,8.93919642857143,green,False,False,304.60872842491085,284.4412715750891,299.41875,289.63124999999997
2024-12-11 12:00:00+03:00,False,True,False,8.845267857142856,8.845267857142856,green,False,False,305.00827369610454,285.64172630389544,300.33125,290.31874999999997
2024-12-11 16:00:00+03:00,False,True,False,8.653392857142862,8.653392857142862,green,False,False,305.57560674394625,286.27439325605377,300.59375,291.25625
2024-12-12 08:00:00+03:00,False,True,False,8.167053571428575,8.167053571428575,green,False,False,305.8878095923969,287.18719040760317,301.3,291.77500000000003
2024-12-12 12:00:00+03:00,False,True,False,7.103660714285715,7.103660714285715,green,False,False,305.7256023372258,288.3993976627742,302.05,292.075
2024-12-12 16:00:00+03:00,False,True,False,5.9719642857142885,5.9719642857142885,green,False,False,305.5707722541458,289.35422774585413,302.24375,292.68125
2024-12-13 08:00:00+03:00,False,True,False,4.140535714285722,4.140535714285722,green,False,False,304.92778108234796,290.67221891765206,302.73125,292.86875000000003
2024-12-13 12:00:00+03:00,False,True,False,2.5168750000000104,2.5168750000000104,green,False,False,304.16204742273584,292.1879525772642,303.25625,293.09375
2024-12-13 16:00:00+03:00,False,True,False,1.4025892857142992,1.4025892857142992,green,False,False,303.97107189912725,292.8289281008727,303.21875,293.58124999999995
2024-12-16 08:00:00+03:00,False,True,False,0.3999107142857312,0.3999107142857312,green,False,False,303.57288220336443,293.9021177966356,303.48125,293.99375000000003
2024-12-16 12:00:00+03:00,True,False,False,-0.6733035714285514,-0.6733035714285514,red,False,True,303.08972981726595,294.8852701827341,303.73125,294.24375000000003
2024-12-16 16:00:00+03:00,True,False,False,-1.5821428571428413,-1.5821428571428413,red,False,False,302.86841527147584,295.38158472852416,303.7375,294.5125
2024-12-17 08:00:00+03:00,True,False,False,-2.9225892857142703,-2.9225892857142703,red,False,False,303.0752264651596,295.0497735348404,303.9375,294.1875
2024-12-17 12:00:00+03:00,True,False,False,-3.156428571428563,-3.156428571428563,red,False,False,303.0848396916818,295.11516030831825,304.20000000000005,294.0
2024-12-17 16:00:00+03:00,True,False,False,-3.1133035714285686,-3.1133035714285686,maroon,False,False,302.83061791074607,295.119382089254,303.77500000000003,294.175
2024-12-18 08:00:00+03:00,True,False,False,-3.390267857142854,-3.390267857142854,red,False,False,302.6331620322107,294.8668379677893,303.68125,293.81875
2024-12-18 12:00:00+03:00,True,False,False,-3.9224107142857187,-3.9224107142857187,red,False,False,302.70671594203293,294.31828405796705,303.48125,293.54375
2024-12-18 16:00:00+03:00,False,True,False,-4.6339285714285685,-4.6339285714285685,red,True,False,302.9091893761972,293.0658106238028,302.825,293.15000000000003
2024-12-19 08:00:00+03:00,False,True,False,-5.02696428571428,-5.02696428571428,red,False,False,303.0945066778778,292.2554933221222,302.5125,292.83750000000003
2024-12-19 12:00:00+03:00,False,True,False,-5.644910714285712,-5.644910714285712,red,False,False,303.4418202626058,291.13317973739424,302.20000000000005,292.375
2024-12-19 16:00:00+03:00,False,True,False,-6.457321428571431,-6.457321428571431,red,False,False,303.914837055509,289.735162944491,301.625,292.025
2024-12-20 08:00:00+03:00,False,True,False,-6.743571428571432,-6.743571428571432,red,False,False,303.6203106006243,288.80468939937566,300.825,291.59999999999997
2024-12-20 12:00:00+03:00,False,True,False,-6.976071428571434,-6.976071428571434,red,False,False,303.1905065360403,288.00949346395976,300.19375,291.00625
2024-12-20 16:00:00+03:00,False,True,False,-7.058214285714292,-7.058214285714292,red,False,False,302.6953332793551,287.22966672064484,299.5,290.42499999999995
2024-12-23 08:00:00+03:00,False,True,False,-6.794107142857154,-6.794107142857154,maroon,False,False,302.2422698610793,286.78273013892067,299.03125,289.99375
2024-12-23 12:00:00+03:00,False,True,False,-6.781875000000008,-6.781875000000008,maroon,False,False,301.9238673405207,286.12613265947925,298.67499999999995,289.375
2024-12-23 16:00:00+03:00,False,True,False,-6.93839285714286,-6.93839285714286,red,False,False,301.8669408406573,285.4830591593427,298.11875000000003,289.23125
2024-12-24 08:00:00+03:00,False,True,False,-7.34535714285714,-7.34535714285714,red,False,False,301.86866324292953,284.3563367570705,297.575,288.65000000000003
2024-12-24 12:00:00+03:00,False,True,False,-7.759999999999993,-7.759999999999993,red,False,False,301.70868688104315,283.1413131189569,296.98125,287.86875000000003
2024-12-24 16:00:00+03:00,False,True,False,-7.875267857142845,-7.875267857142845,red,False,False,301.0601786848924,282.28982131510764,296.11875000000003,287.23125
2024-12-25 08:00:00+03:00,False,True,False,-7.18410714285713,-7.18410714285713,maroon,False,False,300.1374705968344,282.2375294031656,295.875,286.5
2024-12-25 12:00:00+03:00,False,True,False,-6.468571428571414,-6.468571428571414,maroon,False,False,299.1328309723669,282.29216902763307,295.41875,286.00624999999997
2024-12-25 16:00:00+03:00,False,True,False,-6.065803571428555,-6.065803571428555,maroon,False,False,298.69140328418797,282.108596715812,294.80625,285.99375
2024-12-26 08:00:00+03:00,False,True,False,-4.445089285714269,-4.445089285714269,maroon,False,False,297.47574635556487,282.6992536444351,294.4375,285.73749999999995
2024-12-26 12:00:00+03:00,False,True,False,-3.27589285714284,-3.27589285714284,maroon,False,False,295.7757932925927,283.4492067074073,294.13125,285.09375
2024-12-26 16:00:00+03:00,False,True,False,-2.1753571428571314,-2.1753571428571314,maroon,False,False,294.5052267915197,284.0197732084803,293.72499999999997,284.8
2024-12-27 08:00:00+03:00,False,True,False,-0.6643749999999917,-0.6643749999999917,maroon,False,False,293.85313527279914,284.39686472720086,293.6625,284.5875
2024-12-27 12:00:00+03:00,False,True,False,0.4805357142857183,0.4805357142857183,lime,False,False,293.8933136168154,284.38168638318456,293.59999999999997,284.675
2024-12-27 16:00:00+03:00,False,True,False,1.5931250000000095,1.5931250000000095,lime,False,False,293.5852421162077,284.5147578837923,293.25,284.85
2024-12-30 08:00:00+03:00,False,True,False,1.914910714285723,1.914910714285723,lime,False,False,293.3615314812167,284.4384685187833,293.1375,284.66249999999997
2024-12-30 12:00:00+03:00,False,True,False,1.9276785714285776,1.9276785714285776,lime,False,False,293.3135963576717,284.3114036423283,292.91875,284.70625
2024-12-30 16:00:00+03:00,False,True,False,1.827232142857147,1.827232142857147,green,False,False,293.2466867926769,284.1283132073231,292.6625,284.7125
2024-12-31 08:00:00+03:00,False,True,False,0.7466964285714264,0.7466964285714264,green,False,False,294.02644190773833,282.49855809226165,292.72499999999997,283.8
2024-12-31 12:00:00+03:00,False,True,False,0.39812499999999673,0.39812499999999673,green,False,False,294.06441855291143,282.06058144708857,292.75,283.375
2024-12-31 16:00:00+03:00,False,True,False,0.198839285714274,0.198839285714274,green,False,False,293.9022646963307,281.6227353036693,292.2625,283.2625
2025-01-02 08:00:00+03:00,False,True,False,-0.4434821428571585,-0.4434821428571585,red,False,False,294.00061266720775,280.89938733279223,291.95,282.95
2025-01-02 12:00:00+03:00,False,True,False,-0.6032142857143046,-0.6032142857143046,red,False,False,293.87085794557436,280.6541420544256,291.89375,282.63124999999997
2025-01-02 16:00:00+03:00,False,True,False,-0.8779464285714496,-0.8779464285714496,red,False,False,293.87085794557436,280.6541420544256,291.74375,282.78125
2025-01-03 08:00:00+03:00,False,True,False,0.4908928571428426,0.4908928571428426,lime,False,False,295.79750378148316,280.05249621851686,293.2875,282.5625
2025-01-03 12:00:00+03:00,False,True,False,1.7474107142857025,1.7474107142857025,lime,False,False,297.5420150776327,279.7079849223673,294.04375,283.20625
2025-01-03 16:00:00+03:00,False,True,False,3.258035714285699,3.258035714285699,lime,False,False,299.1368091866647,279.13819081333526,294.34999999999997,283.925
2025-01-06 08:00:00+03:00,False,True,False,4.145982142857128,4.145982142857128,lime,False,False,300.0559987421906,279.01900125780946,294.90000000000003,284.175
2025-01-06 12:00:00+03:00,False,True,False,5.343660714285704,5.343660714285704,lime,False,False,301.43984151594844,278.7351584840515,295.65625,284.51874999999995
2025-01-06 16:00:00+03:00,False,True,False,6.320714285714281,6.320714285714281,lime,False,False,301.99637820685894,278.6036217931411,295.75625,284.84375
2025-01-07 08:00:00+03:00,False,True,False,6.727053571428575,6.727053571428575,lime,False,False,302.5227730977567,278.7022269022433,295.91875,285.30625000000003
2025-01-07 12:00:00+03:00,False,True,False,7.315446428571429,7.315446428571429,lime,False,False,303.18036982772617,278.7696301722739,296.24375000000003,285.70625
2025-01-07 16:00:00+03:00,False,True,False,7.648482142857139,7.648482142857139,lime,False,False,303.35688653432743,278.79311346567255,296.41875,285.73125
2025-01-08 08:00:00+03:00,False,True,False,7.774464285714284,7.774464285714284,lime,False,False,303.4675100012773,278.8324899987227,296.5875,285.7125
2025-01-08 12:00:00+03:00,False,True,False,7.865625000000001,7.865625000000001,lime,False,False,303.63676192517573,278.9132380748242,296.78749999999997,285.7625
2025-01-08 16:00:00+03:00,False,True,False,7.536428571428579,7.536428571428579,green,False,False,303.80988587869734,279.2401141213026,296.90625,286.14374999999995
2025-01-09 08:00:00+03:00,False,True,False,7.227232142857154,7.227232142857154,green,False,False,304.00872901721345,279.6662709827865,297.48125,286.19374999999997
2025-01-09 12:00:00+03:00,False,True,False,6.692767857142872,6.692767857142872,green,False,False,304.1174998488224,280.1825001511776,297.94374999999997,286.35625
2025-01-09 16:00:00+03:00,False,True,False,5.754464285714295,5.754464285714295,green,False,False,303.5841069787646,282.1158930212354,298.23125000000005,287.46875
2025-01-10 08:00:00+03:00,False,True,False,5.105178571428583,5.105178571428583,green,False,False,303.4372988608009,283.36270113919903,298.63124999999997,288.16875
2025-01-10 12:00:00+03:00,False,True,False,4.488750000000006,4.488750000000006,green,False,False,303.15389658799074,284.87110341200923,299.3,288.72499999999997
2025-01-10 16:00:00+03:00,False,True,False,3.00625,3.00625,green,False,False,301.94688828198616,287.2031117180138,299.91875,289.23125
2025-01-13 08:00:00+03:00,False,True,False,1.38375,1.38375,green,False,False,300.88808014037267,289.0369198596273,300.30625,289.61875
2025-01-13 12:00:00+03:00,True,False,False,-0.958303571428571,-0.958303571428571,red,False,True,299.9851781113419,290.31482188865806,300.66249999999997,289.6375
2025-01-13 16:00:00+03:00,False,True,False,-2.551249999999996,-2.551249999999996,red,True,False,300.43655428785524,288.8634457121447,299.3375,289.9625
2025-01-14 08:00:00+03:00,False,True,False,-2.564642857142852,-2.564642857142852,red,False,False,299.9953564051474,288.92964359485256,299.5625,289.36249999999995
2025-01-14 12:00:00+03:00,False,True,False,-2.8148214285714293,-2.8148214285714293,red,False,False,299.36514664774364,288.90985335225633,299.25624999999997,289.01875
2025-01-14 16:00:00+03:00,False,True,False,-2.729285714285721,-2.729285714285721,maroon,False,False,299.15011340113404,288.924886598866,299.1,288.975
2025-01-15 08:00:00+03:00,True,False,False,-1.943035714285723,-1.943035714285723,maroon,False,True,298.50860433372145,289.2663956662785,299.11875,288.65625
2025-01-15 12:00:00+03:00,True,False,False,-1.5416964285714378,-1.5416964285714378,maroon,False,False,298.23093098825115,289.3440690117489,299.0375,288.5375
2025-01-15 16:00:00+03:00,True,False,False,-1.4706250000000018,-1.4706250000000018,maroon,False,False,298.0492668558626,289.30073314413744,299.1125,288.2375
2025-01-16 08:00:00+03:00,True,False,False,-0.6449107142857131,-0.6449107142857131,maroon,False,False,298.0492668558626,289.30073314413744,299.50625,287.84375
2025-01-16 12:00:00+03:00,True,False,False,-0.21633928571428784,-0.21633928571428784,maroon,False,False,298.216247689172,289.283752310828,299.35625,288.14375
2025-01-16 16:00:00+03:00,True,False,False,0.2616071428571394,0.2616071428571394,lime,False,False,298.5358816514234,289.28911834857666,299.38750000000005,288.4375
2025-01-17 08:00:00+03:00,False,True,False,1.6299107142857077,1.6299107142857077,lime,True,False,300.1176904938789,288.53230950612107,300.025,288.625
2025-01-17 12:00:00+03:00,False,True,False,3.071249999999993,3.071249999999993,lime,False,False,301.90318143967903,287.796818560321,300.56875,289.13125
2025-01-17 16:00:00+03:00,False,True,False,4.386428571428562,4.386428571428562,lime,False,False,303.28724644312337,287.3627535568766,300.8,289.84999999999997
2025-01-20 08:00:00+03:00,False,True,False,5.553839285714282,5.553839285714282,lime,False,False,304.64417200240774,287.0808279975923,301.35625,290.36875000000003
2025-01-20 12:00:00+03:00,False,True,False,6.771071428571423,6.771071428571423,lime,False,False,305.91886398140934,286.7811360185907,301.90000000000003,290.8
2025-01-20 16:00:00+03:00,False,True,False,7.901160714285715,7.901160714285715,lime,False,False,307.0245833784626,286.57541662153744,302.2,291.40000000000003
2025-01-21 08:00:00+03:00,False,True,False,8.820982142857144,8.820982142857144,lime,False,False,307.8016615951135,286.49833840488645,302.56874999999997,291.73125
2025-01-21 12:00:00+03:00,False,True,False,9.242142857142863,9.242142857142863,lime,False,False,308.44431838260124,286.7806816173988,302.88125,292.34375
2025-01-21 16:00:00+03:00,False,True,False,9.27839285714286,9.27839285714286,lime,False,False,308.887907460133,287.312092539867,303.27500000000003,292.925
2025-01-22 08:00:00+03:00,False,True,False,8.837321428571435,8.837321428571435,green,False,False,308.9703291679119,288.579670832088,303.91249999999997,293.6375
2025-01-22 12:00:00+03:00,False,True,False,7.9826785714285755,7.9826785714285755,green,False,False,308.47369889957133,290.67630110042865,304.7125,294.4375
2025-01-22 16:00:00+03:00,False,True,False,7.721696428571429,7.721696428571429,green,False,False,308.8964749930269,291.25352500697306,304.74375,295.40625
2025-01-23 08:00:00+03:00,False,True,False,7.198035714285715,7.198035714285715,green,False,False,308.97827439298675,292.4467256070132,305.38124999999997,296.04375
2025-01-23 12:00:00+03:00,False,True,False,6.894107142857147,6.894107142857147,green,False,False,309.3746516952724,293.2253483047276,306.11875000000003,296.48125
2025-01-23 16:00:00+03:00,False,True,False,7.005535714285717,7.005535714285717,lime,False,False,310.3399980621345,293.5350019378655,306.7375,297.1375
2025-01-24 08:00:00+03:00,False,True,False,6.731964285714291,6.731964285714291,green,False,False,310.7486360931512,294.4763639068488,307.45,297.77500000000003
2025-01-24 12:00:00+03:00,False,True,False,6.052053571428583,6.052053571428583,green,False,False,310.5781172001366,296.1468827998634,307.91875,298.80625000000003
2025-01-24 16:00:00+03:00,False,True,False,5.7812500000000115,5.7812500000000115,green,False,False,311.005636828182,296.994363171818,308.1625,299.8375
2025-01-27 08:00:00+03:00,False,True,False,5.540000000000008,5.540000000000008,green,False,False,311.29072817905836,298.2342718209416,309.31874999999997,300.20625
2025-01-27 12:00:00+03:00,False,True,False,4.402946428571436,4.402946428571436,green,False,False,310.56376664559275,299.9862333544072,310.03749999999997,300.5125
2025-01-27 16:00:00+03:00,False,True,False,3.296517857142864,3.296517857142864,green,False,False,310.4842291004045,300.44077089959546,309.94374999999997,300.98125
2025-01-28 08:00:00+03:00,False,True,False,2.5333035714285748,2.5333035714285748,green,False,False,310.54549236545733,300.6545076345427,310.15625,301.04375000000005
2025-01-28 12:00:00+03:00,False,True,False,2.7234821428571427,2.7234821428571427,lime,False,False,311.41683535499385,300.58316464500615,310.93125,301.06875
2025-01-28 16:00:00+03:00,False,True,False,3.127142857142862,3.127142857142862,lime,False,False,312.47762013728504,300.372379862715,311.2625,301.58750000000003
2025-01-29 08:00:00+03:00,False,True,False,3.306785714285713,3.306785714285713,lime,False,False,313.1088105734504,300.4161894265496,311.6375,301.8875
2025-01-29 12:00:00+03:00,False,True,False,3.6186607142857103,3.6186607142857103,lime,False,False,313.7994007087004,300.4755992912996,312.05,302.22499999999997
2025-01-29 16:00:00+03:00,False,True,False,3.9692857142857108,3.9692857142857108,lime,False,False,314.5863595163401,300.6636404836599,312.5375,302.7125
2025-01-30 08:00:00+03:00,False,True,False,4.164821428571429,4.164821428571429,lime,False,False,315.2255323400211,301.07446765997884,313.26874999999995,303.03125
2025-01-30 12:00:00+03:00,False,True,False,4.290267857142858,4.290267857142858,lime,False,False,315.68476648945284,301.7402335105471,313.8875,303.53749999999997
2025-01-30 16:00:00+03:00,False,True,False,4.188125000000003,4.188125000000003,green,False,False,315.88781785168305,302.5371821483169,314.29375,304.13124999999997
2025-01-31 08:00:00+03:00,False,True,False,4.489285714285718,4.489285714285718,lime,False,False,316.6009369182622,303.07406308173773,314.95624999999995,304.71875
2025-01-31 12:00:00+03:00,False,True,False,4.6826785714285695,4.6826785714285695,lime,False,False,317.220535113394,303.604464886606,315.64375,305.18125000000003
2025-01-31 16:00:00+03:00,False,True,False,4.911964285714288,4.911964285714288,lime,False,False,317.81329280145263,304.1617071985474,316.2,305.77500000000003
2025-02-03 08:00:00+03:00,False,True,False,5.1371428571428615,5.1371428571428615,lime,False,False,318.47197965418997,304.57802034581,316.73749999999995,306.3125
2025-02-03 12:00:00+03:00,False,True,False,5.014553571428579,5.014553571428579,green,False,False,318.76154852706463,304.8384514729354,316.8625,306.7375
2025-02-03 16:00:00+03:00,False,True,False,4.541428571428578,4.541428571428578,green,False,False,318.8106571585691,305.26434284143096,317.00625,307.06875
2025-02-04 08:00:00+03:00,False,True,False,3.236875000000008,3.236875000000008,green,False,False,318.78025925987396,305.34474074012604,317.51875,306.60625
2025-02-04 12:00:00+03:00,False,True,False,2.0052678571428695,2.0052678571428695,green,False,False,318.85748621004836,305.11751378995166,317.575,306.40000000000003
2025-02-04 16:00:00+03:00,False,True,False,0.6541964285714412,0.6541964285714412,green,False,False,319.1047014968152,304.3702985031848,317.00625,306.46875
2025-02-05 08:00:00+03:00,False,True,False,-1.5717857142856975,-1.5717857142856975,red,False,False,319.8406825009799,303.13431749902014,316.79375,306.18125000000003
2025-02-05 12:00:00+03:00,False,True,False,-4.118749999999986,-4.118749999999986,red,False,False,320.6337025784891,301.81629742151097,316.90625,305.54375000000005
2025-02-05 16:00:00+03:00,False,True,False,-6.048035714285705,-6.048035714285705,red,False,False,321.09950493835913,300.90049506164087,316.85,305.15
2025-02-06 08:00:00+03:00,False,True,False,-4.987499999999987,-4.987499999999987,maroon,False,False,321.4130867867279,300.93691321327213,317.64375,304.70625
2025-02-06 12:00:00+03:00,False,True,False,-3.7082142857142752,-3.7082142857142752,maroon,False,False,321.73134927643207,300.9186507235679,317.86875,304.78125
2025-02-06 16:00:00+03:00,False,True,False,-2.7324107142857086,-2.7324107142857086,maroon,False,False,322.01815473109747,300.98184526890253,317.85625,305.14375
2025-02-07 08:00:00+03:00,False,True,False,-1.5863392857142795,-1.5863392857142795,maroon,False,False,322.34357165006503,301.006428349935,318.25625,305.09375
2025-02-07 12:00:00+03:00,False,True,False,-0.12642857142856245,-0.12642857142856245,maroon,False,False,322.77660844539463,300.9483915546054,318.40625,305.31875
2025-02-07 16:00:00+03:00,False,True,False,1.445267857142864,1.445267857142864,lime,False,False,323.4497516529034,300.8002483470966,318.65,305.6
2025-02-10 08:00:00+03:00,False,True,False,3.3062500000000012,3.3062500000000012,lime,False,False,324.5775375705542,300.44746242944575,319.1875,305.8375
2025-02-10 12:00:00+03:00,False,True,False,4.655625000000005,4.655625000000005,lime,False,False,325.3845594825351,300.3404405174649,319.6125,306.1125
2025-02-10 16:00:00+03:00,False,True,False,6.159821428571433,6.159821428571433,lime,False,False,325.9188674578188,300.2061325421812,319.7,306.425
2025-02-11 08:00:00+03:00,False,True,False,7.104017857142855,7.104017857142855,lime,False,False,326.08321154353274,300.19178845646724,320.05625,306.21875
2025-02-11 12:00:00+03:00,False,True,False,8.154285714285715,8.154285714285715,lime,False,False,326.25723578034,300.16776421965994,320.20624999999995,306.21875
2025-02-11 16:00:00+03:00,False,True,False,9.265178571428569,9.265178571428569,lime,False,False,326.4407215385449,300.13427846145515,320.01875,306.55625000000003
2025-02-12 08:00:00+03:00,False,True,False,10.209107142857142,10.209107142857142,lime,False,False,326.9393481705985,300.11065182940143,320.275,306.775
2025-02-12 12:00:00+03:00,False,True,False,10.809821428571428,10.809821428571428,lime,False,False,327.42448678409806,300.20051321590194,320.58125,307.04375
2025-02-12 16:00:00+03:00,False,True,False,10.816875,10.816875,lime,False,False,327.84679997171355,300.75320002828647,320.69375,307.90625
2025-02-13 08:00:00+03:00,False,True,False,10.845982142857148,10.845982142857148,lime,False,False,328.3344412063267,301.46555879367327,321.25624999999997,308.54375
2025-02-13 12:00:00+03:00,False,True,False,10.465714285714288,10.465714285714288,green,False,False,328.53139793802325,302.6686020619768,321.95625,309.24375000000003
2025-02-13 16:00:00+03:00,False,True,False,9.606339285714288,9.606339285714288,green,False,False,327.85966619593404,305.215333804066,322.59375,310.48125000000005
2025-02-14 08:00:00+03:00,False,True,False,7.988839285714287,7.988839285714287,green,False,False,325.8153674559561,309.10963254404385,323.44374999999997,311.48125
2025-02-14 12:00:00+03:00,True,False,False,5.300803571428575,5.300803571428575,green,False,True,322.2262469838825,314.07375301611745,323.98125,312.31874999999997
2025-02-14 16:00:00+03:00,True,False,False,3.8232142857142852,3.8232142857142852,green,False,False,322.0581866100921,314.4668133899079,323.19374999999997,313.33125
2025-02-17 08:00:00+03:00,True,False,False,2.9034821428571362,2.9034821428571362,green,False,False,322.03579067107506,314.8642093289249,323.625,313.275
2025-02-17 12:00:00+03:00,True,False,False,2.264732142857132,2.264732142857132,green,False,False,322.0690922989545,315.4559077010455,324.0125,313.5125
2025-02-17 16:00:00+03:00,True,False,False,1.4047321428571315,1.4047321428571315,green,False,False,321.9259142205032,316.02408577949683,323.98125000000005,313.96875
2025-02-18 08:00:00+03:00,True,False,False,1.7099999999999937,1.7099999999999937,lime,False,False,323.5991686849541,315.2508313150459,324.91875,313.93125000000003
2025-02-18 12:00:00+03:00,True,False,False,1.82410714285714,1.82410714285714,lime,False,False,324.4455723303299,314.97942766967003,325.1875,314.23749999999995
2025-02-18 16:00:00+03:00,True,False,False,2.3383928571428507,2.3383928571428507,lime,False,False,325.26156533890963,314.5634346610904,325.27500000000003,314.55
2025-02-19 08:00:00+03:00,False,True,False,2.2723214285714244,2.2723214285714244,green,True,False,325.5872648199461,314.5377351800539,325.4625,314.6625
2025-02-19 12:00:00+03:00,True,False,False,1.762589285714279,1.762589285714279,green,False,True,325.600300658638,314.549699341362,325.66249999999997,314.4875
2025-02-19 16:00:00+03:00,False,True,False,0.7844642857142716,0.7844642857142716,green,True,False,325.5676182501351,314.70738174986485,325.40625,314.86875
2025-02-20 08:00:00+03:00,True,False,False,0.49767857142855565,0.49767857142855565,green,False,True,325.7030743961431,314.94692560385687,325.8375,314.8125
2025-02-20 12:00:00+03:00,True,False,False,-0.5023214285714488,-0.5023214285714488,red,False,False,325.75765336694434,314.76734663305564,326.075,314.45
2025-02-20 16:00:00+03:00,True,False,False,-1.243750000000012,-1.243750000000012,red,False,False,325.792407156137,314.557592843863,325.81875,314.53125
2025-02-21 08:00:00+03:00,False,True,False,-2.3054464285714396,-2.3054464285714396,red,True,False,326.0087655269464,313.9912344730536,325.625,314.375
2025-02-21 12:00:00+03:00,False,True,False,-3.8503571428571526,-3.8503571428571526,red,False,False,326.94560376938256,312.2543962306175,325.50625,313.69375
2025-02-21 16:00:00+03:00,False,True,False,-5.318214285714293,-5.318214285714293,red,False,False,327.83384343887633,310.2411565611237,324.94375,313.13125
2025-02-24 08:00:00+03:00,False,True,False,-5.801607142857145,-5.801607142857145,red,False,False,327.89183242767956,309.45816757232046,324.73125,312.61875000000003
2025-02-24 12:00:00+03:00,False,True,False,-5.97714285714286,-5.97714285714286,red,False,False,327.7936100282797,308.8313899717203,324.425,312.2
2025-02-24 16:00:00+03:00,False,True,False,-6.451071428571428,-6.451071428571428,red,False,False,327.8822768968932,308.04272310310677,323.8125,312.11249999999995
2025-02-25 08:00:00+03:00,False,True,False,-7.889374999999993,-7.889374999999993,red,False,False,328.3577253778587,306.86727462214134,323.48125,311.74375000000003
2025-02-25 12:00:00+03:00,False,True,False,-9.120892857142849,-9.120892857142849,red,False,False,328.681062271295,305.693937728705,323.09375,311.28125
2025-02-25 16:00:00+03:00,False,True,False,-10.281428571428568,-10.281428571428568,red,False,False,328.9718274848271,304.10317251517296,322.3125,310.76250000000005
2025-02-26 08:00:00+03:00,False,True,False,-11.100714285714284,-11.100714285714284,red,False,False,328.88056264682217,302.6944373531779,321.54375000000005,310.03125
2025-02-26 12:00:00+03:00,False,True,False,-11.442232142857138,-11.442232142857138,red,False,False,328.5800520335006,301.8449479664994,321.09999999999997,309.325
2025-02-26 16:00:00+03:00,False,True,False,-11.067678571428571,-11.067678571428571,maroon,False,False,327.01679179419887,301.6332082058011,319.7625,308.8875
2025-02-27 08:00:00+03:00,False,True,False,-10.686696428571423,-10.686696428571423,maroon,False,False,325.54708343523953,301.4279165647605,318.8125,308.1625
2025-02-27 12:00:00+03:00,False,True,False,-8.610535714285705,-8.610535714285705,maroon,False,False,323.65715557625214,302.2678444237478,318.60625,307.31874999999997
2025-02-27 16:00:00+03:00,False,True,False,-6.835446428571423,-6.835446428571423,maroon,False,False,322.1322097559853,302.8927902440147,318.09999999999997,306.925
2025-02-28 08:00:00+03:00,False,True,False,-6.446785714285711,-6.446785714285711,maroon,False,False,321.0135533808509,302.7364466191491,317.66875,306.08125
2025-02-28 12:00:00+03:00,False,True,False,-5.826339285714289,-5.826339285714289,maroon,False,False,320.0073592612719,302.76764073872806,317.40625,305.36875
2025-02-28 16:00:00+03:00,False,True,False,-4.726339285714285,-4.726339285714285,maroon,False,False,317.90554862236274,303.5694513776373,316.3625,305.1125
2025-03-03 08:00:00+03:00,False,True,False,-2.8656250000000023,-2.8656250000000023,maroon,False,False,317.2133309730066,303.9116690269934,316.15,304.975
2025-03-03 12:00:00+03:00,False,True,False,-0.4466071428571432,-0.4466071428571432,maroon,False,False,317.2133309730066,303.9116690269934,316.4875,304.6375
2025-03-03 16:00:00+03:00,False,True,False,1.5710714285714253,1.5710714285714253,lime,False,False,317.6611370853586,303.66386291464147,316.45625,304.86875000000003
2025-03-04 08:00:00+03:00,False,True,False,3.2134821428571367,3.2134821428571367,lime,False,False,318.76522690755957,303.3097730924405,316.85,305.225
2025-03-04 12:00:00+03:00,False,True,False,4.24196428571428,4.24196428571428,lime,False,False,319.48812109404764,303.38687890595236,317.23125,305.64375
2025-03-04 16:00:00+03:00,False,True,False,5.551785714285707,5.551785714285707,lime,False,False,320.10935397678855,303.2156460232115,317.23125000000005,306.09375
2025-03-05 08:00:00+03:00,False,True,False,7.631785714285709,7.631785714285709,lime,False,False,322.2083663875845,302.1666336124155,318.2625,306.1125
2025-03-05 12:00:00+03:00,False,True,False,9.539196428571422,9.539196428571422,lime,False,False,324.3864411186525,301.31355888134755,319.0375,306.6625
2025-03-05 16:00:00+03:00,False,True,False,10.883749999999997,10.883749999999997,lime,False,False,326.278092770625,301.096907229375,319.6875,307.6875
2025-03-06 08:00:00+03:00,False,True,False,11.965089285714285,11.965089285714285,lime,False,False,328.27138471211583,300.9536152878842,320.89375,308.33125
2025-03-06 12:00:00+03:00,False,True,False,12.484107142857143,12.484107142857143,lime,False,False,329.7241444773588,301.5508555226412,321.88124999999997,309.39375
2025-03-06 16:00:00+03:00,False,True,False,13.282946428571428,13.282946428571428,lime,False,False,331.6633490154744,302.0616509845256,323.29375,310.43125000000003
2025-03-07 08:00:00+03:00,False,True,False,14.560178571428576,14.560178571428576,lime,False,False,334.68716405031853,301.7878359496815,325.00625,311.46875
2025-03-07 12:00:00+03:00,False,True,False,15.291696428571427,15.291696428571427,lime,False,False,336.9304935940945,302.21950640590546,326.4375,312.7125
2025-03-07 16:00:00+03:00,False,True,False,15.58857142857143,15.58857142857143,lime,False,False,338.6589373600219,303.2160626399781,327.8375,314.0375
2025-03-10 08:00:00+03:00,False,True,False,16.537410714285713,16.537410714285713,lime,False,False,340.7941224566777,303.23087754332226,328.63124999999997,315.39375
2025-03-10 12:00:00+03:00,False,True,False,17.12964285714285,17.12964285714285,lime,False,False,342.58207372554966,303.6929262744503,329.71875,316.55625
2025-03-10 16:00:00+03:00,False,True,False,16.23214285714285,16.23214285714285,green,False,False,342.93349885608035,305.94150114391965,330.75625,318.11875
2025-03-11 08:00:00+03:00,False,True,False,15.082946428571427,15.082946428571427,green,False,False,343.103123068309,308.246876931691,331.91875,319.43125000000003
2025-03-11 12:00:00+03:00,False,True,False,13.244821428571427,13.244821428571427,green,False,False,342.4690733630829,311.1559266369171,333.1875,320.4375
2025-03-11 16:00:00+03:00,False,True,False,11.598125,11.598125,green,False,False,342.18330247773804,313.19169752226196,333.9125,321.4625
2025-03-12 08:00:00+03:00,False,True,False,10.784107142857142,10.784107142857142,green,False,False,342.50199916187535,314.5730008381247,334.6125,322.46250000000003
2025-03-12 12:00:00+03:00,False,True,False,10.115357142857139,10.115357142857139,green,False,False,342.74933217667666,316.2006678233234,335.64375,323.30625000000003
2025-03-12 16:00:00+03:00,False,True,False,8.826874999999998,8.826874999999998,green,False,False,342.4716374129059,318.0283625870941,336.1375,324.3625
2025-03-13 08:00:00+03:00,False,True,False,7.74392857142857,7.74392857142857,green,False,False,341.8923814797244,320.53261852027555,337.23125,325.19374999999997
2025-03-13 12:00:00+03:00,False,True,False,6.799999999999999,6.799999999999999,green,False,False,341.09218358360783,323.40781641639217,338.5125,325.9875
2025-03-13 16:00:00+03:00,False,True,False,5.857589285714287,5.857589285714287,green,False,False,340.9906053380912,324.80939466190875,338.73125,327.06874999999997
2025-03-14 08:00:00+03:00,False,True,False,5.0550000000000015,5.0550000000000015,green,False,False,340.94988702731075,326.1001129726892,339.28125,327.76874999999995
2025-03-14 12:00:00+03:00,False,True,False,4.128928571428572,4.128928571428572,green,False,False,340.542866312108,327.65713368789204,339.875,328.32500000000005
2025-03-14 16:00:00+03:00,False,True,False,3.3768750000000036,3.3768750000000036,green,False,False,340.2969531584354,328.9530468415646,340.025,329.225
2025-03-17 08:00:00+03:00,True,False,False,2.3078571428571486,2.3078571428571486,green,False,True,339.4546889943971,330.77031100560293,340.55,329.675
2025-03-17 12:00:00+03:00,True,False,False,0.9468750000000021,0.9468750000000021,green,False,False,339.09633667830616,331.4786633216939,340.6125,329.96250000000003
2025-03-17 16:00:00+03:00,True,False,False,0.22125000000001016,0.22125000000001016,green,False,False,339.04702752974765,331.42797247025237,340.09375,330.38125
2025-03-18 08:00:00+03:00,True,False,False,-1.2394642857142752,-1.2394642857142752,red,False,False,339.55733405575273,330.3676659442472,340.04375,329.88124999999997
2025-03-18 12:00:00+03:00,False,True,False,-2.7300892857142784,-2.7300892857142784,red,True,False,340.21342376056674,328.9865762394333,339.70000000000005,329.5
2025-03-18 16:00:00+03:00,False,True,False,-3.8103571428571392,-3.8103571428571392,red,False,False,340.4730488125595,327.85195118744053,339.05625000000003,329.26875
2025-03-19 08:00:00+03:00,False,True,False,-6.237142857142853,-6.237142857142853,red,False,False,343.8637339575732,322.23626604242685,339.1625,326.9375
2025-03-19 12:00:00+03:00,False,True,False,-10.137232142857142,-10.137232142857142,red,False,False,348.46870795358325,314.68129204641673,338.26875,324.88124999999997
2025-03-19 16:00:00+03:00,False,True,False,-14.50348214285714,-14.50348214285714,red,False,False,352.5816372186185,306.89336278138154,336.71250000000003,322.7625
2025-03-20 08:00:00+03:00,False,True,False,-15.609910714285709,-15.609910714285709,red,False,False,352.82448987786415,304.80051012213585,337.00625,320.61875
2025-03-20 12:00:00+03:00,False,True,False,-18.136517857142852,-18.136517857142852,red,False,False,353.81900074609416,301.1059992539058,336.16249999999997,318.7625
2025-03-20 16:00:00+03:00,False,True,False,-19.504017857142856,-19.504017857142856,red,False,False,353.7842732211746,298.3407267788254,334.96875,317.15625
2025-03-21 08:00:00+03:00,False,True,False,-23.066964285714285,-23.066964285714285,red,False,False,355.5501948881258,291.87480511187414,333.81874999999997,313.60625
2025-03-21 12:00:00+03:00,False,True,False,-26.267589285714287,-26.267589285714287,red,False,False,356.61637149622413,286.28362850377584,332.25,310.65
2025-03-21 16:00:00+03:00,False,True,False,-28.583214285714295,-28.583214285714295,red,False,False,356.6067587302052,281.4182412697948,329.9625,308.0625
2025-03-24 08:00:00+03:00,False,True,False,-27.119017857142858,-27.119017857142858,maroon,False,False,354.36913881696614,280.2308611830339,329.2625,305.33750000000003
2025-03-24 12:00:00+03:00,False,True,False,-26.161875000000002,-26.161875000000002,maroon,False,False,352.11315340122553,278.8118465987744,328.09999999999997,302.825
2025-03-24 16:00:00+03:00,False,True,False,-24.48982142857143,-24.48982142857143,maroon,False,False,349.2775009051469,278.04749909485315,326.6,300.725
2025-03-25 08:00:00+03:00,False,True,False,-21.133928571428577,-21.133928571428577,maroon,False,False,346.2337714021024,278.34122859789767,325.82500000000005,298.75
2025-03-25 12:00:00+03:00,False,True,False,-17.014910714285723,-17.014910714285723,maroon,False,False,342.81968017250574,279.20531982749424,324.8875,297.1375
2025-03-25 16:00:00+03:00,False,True,False,-12.570267857142866,-12.570267857142866,maroon,False,False,339.35084744545367,280.3491525545464,323.63125,296.06875
2025-03-26 08:00:00+03:00,False,True,False,-8.641875000000006,-8.641875000000006,maroon,False,False,335.9967210376393,281.4782789623607,322.725,294.75
2025-03-26 12:00:00+03:00,False,True,False,-4.652321428571431,-4.652321428571431,maroon,False,False,331.9191861063124,283.13081389368756,321.64374999999995,293.40625
2025-03-26 16:00:00+03:00,False,True,False,-0.7493750000000077,-0.7493750000000077,maroon,False,False,328.86033972095123,284.41466027904875,320.45625,292.81874999999997
2025-03-27 08:00:00+03:00,False,True,False,3.354285714285716,3.354285714285716,lime,False,False,326.11886305943193,285.7311369405681,319.81875,292.03125
2025-03-27 12:00:00+03:00,False,True,False,7.062410714285708,7.062410714285708,lime,False,False,322.5252585070499,287.4997414929501,319.16875,290.85625
2025-03-27 16:00:00+03:00,False,True,False,9.922767857142855,9.922767857142855,lime,False,False,321.9118709066144,287.66312909338563,317.6875,291.88750000000005
2025-03-28 08:00:00+03:00,False,True,False,10.902232142857137,10.902232142857137,lime,False,False,322.000312136992,287.749687863008,317.30625,292.44375
2025-03-28 12:00:00+03:00,False,True,False,11.247142857142851,11.247142857142851,lime,False,False,322.1117386623728,288.6382613376272,317.58125,293.16875
2025-03-28 16:00:00+03:00,False,True,False,13.368392857142855,13.368392857142855,lime,False,False,321.72611638966276,288.7238836103373,316.34375,294.10625000000005
2025-04-02 08:00:00+03:00,False,True,False,13.850000000000005,13.850000000000005,lime,False,False,321.87523432041996,288.84976567958006,315.975,294.75
2025-04-02 12:00:00+03:00,False,True,False,14.381071428571428,14.381071428571428,lime,False,False,321.945779835084,288.87922016491603,315.70625,295.11875000000003
2025-04-02 16:00:00+03:00,False,True,False,12.797232142857144,12.797232142857144,green,False,False,320.8688414833639,291.6311585166361,315.4,297.1
2025-04-03 08:00:00+03:00,False,True,False,11.022499999999994,11.022499999999994,green,False,False,319.1126204638492,295.28737953615075,315.675,298.72499999999997
2025-04-03 12:00:00+03:00,True,False,False,8.059017857142855,8.059017857142855,green,False,True,315.5437197057898,300.68128029421024,316.34375,299.88125
2025-04-03 16:00:00+03:00,False,True,False,6.297767857142856,6.297767857142856,green,True,False,315.4827584797571,300.84224152024296,315.175,301.15000000000003
2025-04-04 08:00:00+03:00,False,True,False,3.9825000000000044,3.9825000000000044,green,False,False,314.8324381118996,302.01756188810043,314.7625,302.08750000000003
2025-04-04 12:00:00+03:00,True,False,False,1.6667857142857225,1.6667857142857225,green,False,True,314.2853757262239,303.06462427377613,314.75,302.6
2025-04-04 16:00:00+03:00,False,True,False,-0.13562499999999478,-0.13562499999999478,red,True,False,314.280850044289,302.669149955711,313.9875,302.96250000000003
2025-04-07 08:00:00+03:00,False,True,False,-2.150267857142854,-2.150267857142854,red,False,False,314.56060905385453,301.18939094614547,313.6875,302.0625
2025-04-07 12:00:00+03:00,False,True,False,-2.8852678571428605,-2.8852678571428605,red,False,False,313.7674778444977,301.1325221555023,313.65625,301.24375
2025-04-07 16:00:00+03:00,True,False,False,-2.6751785714285727,-2.6751785714285727,maroon,False,True,313.4401127809049,301.25988721909516,313.93125000000003,300.76875
2025-04-08 08:00:00+03:00,True,False,False,-2.4439285714285717,-2.4439285714285717,maroon,False,False,313.32974495446507,301.29525504553493,314.04375,300.58125
2025-04-08 12:00:00+03:00,True,False,False,-1.7148214285714332,-1.7148214285714332,maroon,False,False,313.2308177868695,301.3441822131305,314.0375,300.5375
2025-04-08 16:00:00+03:00,True,False,False,-1.0176785714285774,-1.0176785714285774,maroon,False,False,312.3493171171785,301.8006828828215,313.7125,300.4375
2025-04-09 08:00:00+03:00,True,False,False,-0.46053571428572315,-0.46053571428572315,maroon,False,False,312.2495179948728,301.82548200512724,313.65625,300.41875000000005
2025-04-09 12:00:00+03:00,True,False,False,0.12062499999998666,0.12062499999998666,lime,False,False,312.0272972503441,301.8727027496559,313.7375,300.16249999999997
2025-04-09 16:00:00+03:00,True,False,False,0.0959821428571348,0.0959821428571348,green,False,False,312.03849000196305,301.93650999803697,313.68125000000003,300.29375
2025-04-10 08:00:00+03:00,True,False,False,1.1456249999999906,1.1456249999999906,lime,False,False,312.70678802946,301.7432119705401,314.20000000000005,300.25
2025-04-10 12:00:00+03:00,True,False,False,2.488214285714276,2.488214285714276,lime,False,False,313.0315241162313,301.5934758837687,314.0625,300.5625
2025-04-10 16:00:00+03:00,True,False,False,2.629285714285712,2.629285714285712,lime,False,False,313.02299148862534,301.5770085113747,314.2,300.40000000000003
2025-04-11 08:00:00+03:00,True,False,False,3.2437500000000017,3.2437500000000017,lime,False,False,313.12187450916093,301.6031254908391,314.3,300.425
2025-04-11 12:00:00+03:00,True,False,False,3.4852678571428615,3.4852678571428615,lime,False,False,313.1732355042875,301.75176449571245,314.34375,300.58124999999995
2025-04-11 16:00:00+03:00,True,False,False,4.030982142857143,4.030982142857143,lime,False,False,313.2758176518571,301.79918234814295,314.38125,300.69375
2025-04-14 08:00:00+03:00,True,False,False,4.812589285714283,4.812589285714283,lime,False,False,313.9474526661286,301.8275473338714,314.88124999999997,300.89375
2025-04-14 12:00:00+03:00,True,False,False,5.796339285714279,5.796339285714279,lime,False,False,314.983900533619,301.79109946638096,315.4,301.375
2025-04-14 16:00:00+03:00,True,False,False,6.347857142857139,6.347857142857139,lime,False,False,315.6486943090807,301.9763056909193,315.69375,301.93125
2025-04-15 08:00:00+03:00,False,True,False,7.196874999999999,7.196874999999999,lime,True,False,317.0557736385356,301.64422636146446,316.41875000000005,302.28125
2025-04-15 12:00:00+03:00,False,True,False,8.133928571428568,8.133928571428568,lime,False,False,318.95913147697024,301.2408685230298,317.26250000000005,302.9375
2025-04-15 16:00:00+03:00,False,True,False,8.201874999999996,8.201874999999996,lime,False,False,319.6692227738166,302.53077722618343,317.64375,304.55625000000003
2025-04-16 08:00:00+03:00,False,True,False,8.118839285714284,8.118839285714284,green,False,False,320.6413194462423,303.0336805537577,318.09999999999997,305.575
2025-04-16 12:00:00+03:00,False,True,False,8.297142857142857,8.297142857142857,lime,False,False,321.75651073137846,302.9184892686215,317.9625,306.7125
2025-04-16 16:00:00+03:00,False,True,False,8.47491071428572,8.47491071428572,lime,False,False,322.8288578840825,302.89614211591754,318.20625,307.51875
2025-04-17 08:00:00+03:00,False,True,False,9.037500000000005,9.037500000000005,lime,False,False,324.298917713023,302.576082286977,318.95,307.925
2025-04-17 12:00:00+03:00,False,True,False,9.510535714285714,9.510535714285714,lime,False,False,325.7579562335031,302.56704376649697,319.84375,308.48125000000005
2025-04-17 16:00:00+03:00,False,True,False,9.693749999999994,9.693749999999994,lime,False,False,326.86497337383724,302.91002662616273,320.38124999999997,309.39375
2025-04-18 08:00:00+03:00,False,True,False,8.595089285714284,8.595089285714284,green,False,False,326.93660335278634,303.7883966472137,321.04375,309.68125000000003
2025-04-18 12:00:00+03:00,False,True,False,7.385178571428572,7.385178571428572,green,False,False,326.77708996116746,305.09791003883254,321.46875,310.40625
2025-04-18 16:00:00+03:00,False,True,False,6.713839285714286,6.713839285714286,green,False,False,326.9851771571141,305.56482284288586,321.35625,311.19374999999997
2025-04-21 08:00:00+03:00,False,True,False,5.55205357142857,5.55205357142857,green,False,False,326.9767542394207,305.97324576057935,321.8,311.15000000000003
2025-04-21 12:00:00+03:00,False,True,False,4.339821428571427,4.339821428571427,green,False,False,326.4997171097215,307.5752828902786,322.26875,311.80625000000003
2025-04-21 16:00:00+03:00,False,True,False,2.766250000000001,2.766250000000001,green,False,False,326.04057010606255,308.70942989393745,322.7,312.05
2025-04-22 08:00:00+03:00,False,True,False,1.7391071428571463,1.7391071428571463,green,False,False,325.34104644747543,310.53395355252457,323.50625,312.36875
2025-04-22 12:00:00+03:00,False,True,False,0.623303571428572,0.623303571428572,green,False,False,324.5032230950867,312.44677690491335,323.96875,312.98125000000005
2025-04-22 16:00:00+03:00,False,True,False,-0.12535714285714228,-0.12535714285714228,red,False,False,324.1865653389097,313.48843466109025,324.0875,313.5875
2025-04-24 08:00:00+03:00,True,False,False,-0.6252678571428554,-0.6252678571428554,red,False,True,324.08822363183873,314.0867763681612,324.48749999999995,313.6875
2025-04-24 12:00:00+03:00,True,False,False,-0.9456250000000015,-0.9456250000000015,red,False,False,323.83478229669373,315.06521770330625,325.01875,313.88124999999997
2025-04-24 16:00:00+03:00,True,False,False,-0.9952678571428581,-0.9952678571428581,red,False,False,323.976783173618,315.32321682638195,324.9,314.4
2025-04-25 08:00:00+03:00,True,False,False,-1.010982142857145,-1.010982142857145,red,False,False,323.94295516906215,315.30704483093785,324.93125,314.31875
2025-04-25 12:00:00+03:00,True,False,False,-1.2341071428571464,-1.2341071428571464,red,False,False,323.8937663761281,315.2312336238719,324.8875,314.2375
2025-04-25 16:00:00+03:00,True,False,False,-1.6216071428571457,-1.6216071428571457,red,False,False,323.8709567783061,315.1290432216939,324.61875,314.38125
2025-04-28 08:00:00+03:00,True,False,False,-2.3956249999999972,-2.3956249999999972,red,False,False,323.97805627651496,314.62194372348506,324.475,314.125
2025-04-28 12:00:00+03:00,True,False,False,-3.192678571428571,-3.192678571428571,red,False,False,324.1307722208028,313.8942277791972,324.24375,313.78125
2025-04-28 16:00:00+03:00,False,True,False,-3.746160714285714,-3.746160714285714,red,True,False,323.8760254428209,313.2489745571791,323.53125,313.59375
2025-04-29 08:00:00+03:00,False,True,False,-5.441696428571428,-5.441696428571428,red,False,False,325.99303119900634,309.00696880099366,322.99375,312.00625
2025-04-29 12:00:00+03:00,False,True,False,-7.187857142857149,-7.187857142857149,red,False,False,327.5360143209788,305.1139856790212,321.96875,310.68125
2025-04-29 16:00:00+03:00,False,True,False,-9.334910714285714,-9.334910714285714,red,False,False,329.15654429073163,301.5684557092684,320.725,310.0
2025-04-30 08:00:00+03:00,False,True,False,-11.925982142857148,-11.925982142857148,red,False,False,331.2299440472153,296.92005595278465,319.94374999999997,308.20625
2025-04-30 12:00:00+03:00,False,True,False,-14.716696428571428,-14.716696428571428,red,False,False,333.23089796474056,291.8191020352594,318.59999999999997,306.45
2025-04-30 16:00:00+03:00,False,True,False,-17.778928571428573,-17.778928571428573,red,False,False,335.1704022742121,286.7045977257879,316.95625,304.91875
2025-05-02 08:00:00+03:00,False,True,False,-18.756607142857145,-18.756607142857145,red,False,False,335.06093603752777,284.18906396247223,315.94375,303.30625
2025-05-02 12:00:00+03:00,False,True,False,-19.319196428571434,-19.319196428571434,red,False,False,334.76337864164435,282.3116213583557,314.81875,302.25625
2025-05-02 16:00:00+03:00,False,True,False,-19.512500000000003,-19.512500000000003,red,False,False,333.886592990054,280.53840700994596,313.26874999999995,301.15625
2025-05-05 08:00:00+03:00,False,True,False,-20.098928571428576,-20.098928571428576,red,False,False,332.8860269531458,278.4889730468542,312.34375,299.03125
2025-05-05 12:00:00+03:00,False,True,False,-19.542321428571427,-19.542321428571427,maroon,False,False,331.2567739943684,277.4682260056316,311.375,297.35
2025-05-05 16:00:00+03:00,False,True,False,-18.61928571428571,-18.61928571428571,maroon,False,False,329.33129026725857,276.79370973274143,309.8875,296.2375
2025-05-06 08:00:00+03:00,False,True,False,-17.270446428571425,-17.270446428571425,maroon,False,False,326.8506838937032,276.57431610629675,308.63124999999997,294.79375
2025-05-06 12:00:00+03:00,False,True,False,-15.900982142857142,-15.900982142857142,maroon,False,False,323.95030392247816,276.6246960775219,307.35625000000005,293.21875
2025-05-06 16:00:00+03:00,False,True,False,-14.341785714285715,-14.341785714285715,maroon,False,False,320.95389347490885,276.8711065250912,305.8125,292.01250000000005
2025-05-07 08:00:00+03:00,False,True,False,-13.113928571428577,-13.113928571428577,maroon,False,False,317.76307590276633,277.13692409723365,304.4625,290.4375
2025-05-07 12:00:00+03:00,False,True,False,-12.933035714285717,-12.933035714285717,maroon,False,False,314.58305619616146,276.66694380383854,303.125,288.125
2025-05-07 16:00:00+03:00,False,True,False,-12.773303571428574,-12.773303571428574,maroon,False,False,311.6232085645617,275.95179143543834,301.475,286.1
2025-05-08 08:00:00+03:00,False,True,False,-11.470803571428576,-11.470803571428576,maroon,False,False,307.7113269669498,276.7886730330502,300.18125,284.31875
2025-05-08 12:00:00+03:00,False,True,False,-9.482142857142861,-9.482142857142861,maroon,False,False,302.86011481120414,278.6898851887958,298.7625,282.78749999999997
2025-05-08 16:00:00+03:00,False,True,False,-7.98803571428571,-7.98803571428571,maroon,False,False,300.93341376440696,278.79158623559306,297.175,282.55
2025-05-09 08:00:00+03:00,False,True,False,-6.024553571428568,-6.024553571428568,maroon,False,False,299.32589223537263,279.1491077646274,296.79375,281.68125000000003
2025-05-09 12:00:00+03:00,False,True,False,-2.8208035714285664,-2.8208035714285664,maroon,False,False,298.6434514503594,279.50654854964057,297.1375,281.0125
2025-05-09 16:00:00+03:00,False,True,False,-0.5436607142857142,-0.5436607142857142,maroon,False,False,298.70591922777396,279.4940807722261,296.69375,281.50625
2025-05-12 08:00:00+03:00,False,True,False,2.6604464285714293,2.6604464285714293,lime,False,False,301.5700802803944,278.27991971960563,298.1375,281.71250000000003
2025-05-12 12:00:00+03:00,False,True,False,5.2343750000000036,5.2343750000000036,lime,False,False,303.99916388548627,277.9258361145137,298.96875,282.95624999999995
2025-05-12 16:00:00+03:00,False,True,False,8.682410714285716,8.682410714285716,lime,False,False,307.16080262344445,276.4891973765555,299.625,284.025
2025-05-13 08:00:00+03:00,False,True,False,11.277857142857147,11.277857142857147,lime,False,False,308.9692787057858,275.8807212942142,300.225,284.625
2025-05-13 12:00:00+03:00,False,True,False,13.392410714285724,13.392410714285724,lime,False,False,310.6728370438939,275.5021629561061,300.90625,285.26874999999995
2025-05-13 16:00:00+03:00,False,True,False,14.564821428571438,14.564821428571438,lime,False,False,312.0453975457124,275.67960245428765,301.11875000000003,286.60625
2025-05-14 08:00:00+03:00,False,True,False,15.162500000000012,15.162500000000012,lime,False,False,312.7062070574467,275.7937929425533,301.31875,287.18125
2025-05-14 12:00:00+03:00,False,True,False,15.584464285714304,15.584464285714304,lime,False,False,313.31056843387495,275.9144315661251,301.7375,287.4875
2025-05-14 16:00:00+03:00,False,True,False,15.556785714285725,15.556785714285725,green,False,False,313.7090127475248,276.06598725247517,301.78749999999997,287.9875
2025-05-15 08:00:00+03:00,False,True,False,15.06151785714287,15.06151785714287,green,False,False,314.03466177070095,276.3153382292991,302.075,288.27500000000003
2025-05-15 12:00:00+03:00,False,True,False,14.172857142857154,14.172857142857154,green,False,False,314.2366690946835,276.5883309053165,302.38750000000005,288.4375
2025-05-15 16:00:00+03:00,False,True,False,12.225625000000004,12.225625000000004,green,False,False,314.2501022997047,276.94989770029537,302.6875,288.51250000000005
2025-05-16 08:00:00+03:00,False,True,False,9.760357142857146,9.760357142857146,green,False,False,313.7375895844355,278.7624104155645,302.94375,289.55625
2025-05-16 12:00:00+03:00,False,True,False,6.007321428571433,6.007321428571433,green,False,False,312.6152158578867,280.9847841421133,303.625,289.975
2025-05-16 16:00:00+03:00,False,True,False,3.0001785714285742,3.0001785714285742,green,False,False,311.97645310496057,282.52354689503943,303.94375,290.55625
2025-05-20 08:00:00+03:00,False,True,False,-0.42249999999999766,-0.42249999999999766,red,False,False,311.4463256809803,283.5536743190197,304.41875,290.58125
2025-05-20 12:00:00+03:00,False,True,False,-3.746071428571428,-3.746071428571428,red,False,False,310.7887904217831,284.7862095782169,304.66875000000005,290.90625
2025-05-20 16:00:00+03:00,False,True,False,-7.275000000000004,-7.275000000000004,red,False,False,310.85073799004965,284.6742620099503,304.4375,291.0875
2025-05-21 08:00:00+03:00,False,True,False,-10.543035714285722,-10.543035714285722,red,False,False,311.99383482483427,282.2061651751658,303.4375,290.76250000000005
2025-05-21 12:00:00+03:00,False,True,False,-13.489017857142866,-13.489017857142866,red,False,False,312.8298995916267,280.2951004083733,302.9375,290.1875
2025-05-21 16:00:00+03:00,False,True,False,-15.478125000000013,-15.478125000000013,red,False,False,312.7508575154836,278.0241424845164,301.06874999999997,289.70625
2025-05-22 08:00:00+03:00,False,True,False,-16.805267857142866,-16.805267857142866,red,False,False,312.13396644592507,276.24103355407493,300.1875,288.1875
2025-05-22 12:00:00+03:00,False,True,False,-16.352589285714295,-16.352589285714295,maroon,False,False,309.9123200640998,276.13767993590017,299.28749999999997,286.7625
2025-05-22 16:00:00+03:00,False,True,False,-16.031071428571437,-16.031071428571437,maroon,False,False,308.1627848486871,275.7122151513129,298.1625,285.7125
2025-05-23 08:00:00+03:00,False,True,False,-15.294553571428576,-15.294553571428576,maroon,False,False,306.0503370657849,275.6746629342151,297.10625,284.61875000000003
2025-05-23 12:00:00+03:00,False,True,False,-14.564732142857144,-14.564732142857144,maroon,False,False,303.9598927734015,275.5401072265985,296.25625,283.24375
2025-05-23 16:00:00+03:00,False,True,False,-14.26267857142857,-14.26267857142857,maroon,False,False,302.52858586400396,274.84641413599604,295.15625,282.21875
2025-05-26 08:00:00+03:00,False,True,False,-13.486428571428567,-13.486428571428567,maroon,False,False,300.69284437818993,274.60715562181,294.1375,281.16249999999997
2025-05-26 12:00:00+03:00,False,True,False,-12.50419642857143,-12.50419642857143,maroon,False,False,298.84560782644013,274.55439217355985,293.22499999999997,280.175
2025-05-26 16:00:00+03:00,False,True,False,-11.338392857142853,-11.338392857142853,maroon,False,False,296.91277356566394,274.637226434336,292.22499999999997,279.325
2025-05-27 08:00:00+03:00,False,True,False,-10.315446428571425,-10.315446428571425,maroon,False,False,295.1206940051413,274.5543059948587,291.5125,278.16249999999997
2025-05-27 12:00:00+03:00,False,True,False,-9.655892857142854,-9.655892857142854,maroon,False,False,294.12552792645806,273.87447207354194,290.46875,277.53125
2025-05-27 16:00:00+03:00,False,True,False,-8.799374999999992,-8.799374999999992,maroon,False,False,292.46946472945706,273.63053527054296,289.425,276.675
2025-05-28 08:00:00+03:00,False,True,False,-7.887589285714279,-7.887589285714279,maroon,False,False,291.5737384246727,273.25126157532736,288.5625,276.26250000000005
2025-05-28 12:00:00+03:00,False,True,False,-6.862232142857138,-6.862232142857138,maroon,False,False,289.7246862287603,273.47531377123977,287.61875000000003,275.58125
2025-05-28 16:00:00+03:00,False,True,False,-5.98857142857142,-5.98857142857142,maroon,False,False,288.5423816127415,273.38261838725845,286.75624999999997,275.16875
2025-05-29 08:00:00+03:00,False,True,False,-4.603482142857139,-4.603482142857139,maroon,False,False,286.7209634045334,274.10403659546665,286.24375000000003,274.58125
2025-05-29 12:00:00+03:00,True,False,False,-3.2858035714285716,-3.2858035714285716,maroon,False,True,285.6335401339808,274.5164598660192,285.83125,274.31874999999997
2025-05-29 16:00:00+03:00,True,False,False,-2.697410714285713,-2.697410714285713,maroon,False,False,285.45506138730775,274.3949386126923,285.45625,274.39375
2025-05-30 08:00:00+03:00,True,False,False,-2.241249999999999,-2.241249999999999,maroon,False,False,285.22482275608536,274.27517724391464,285.28125,274.21875
2025-05-30 12:00:00+03:00,False,True,False,-2.7602678571428587,-2.7602678571428587,red,True,False,285.421854601795,273.453145398205,285.04375,273.83125
2025-05-30 16:00:00+03:00,False,True,False,-3.3025,-3.3025,red,False,False,285.5484657906071,272.62653420939284,284.375,273.79999999999995
2025-06-02 08:00:00+03:00,False,True,False,-3.4171428571428564,-3.4171428571428564,red,False,False,284.6885525429537,272.1864474570463,283.2375,273.6375
2025-06-02 12:00:00+03:00,False,True,False,-3.1645535714285753,-3.1645535714285753,maroon,False,False,283.85068585022714,272.0993141497729,282.79375000000005,273.15625
2025-06-02 16:00:00+03:00,False,True,False,-2.669374999999997,-2.669374999999997,maroon,False,False,282.699348451379,272.400651548621,282.36875000000003,272.73125
2025-06-03 08:00:00+03:00,False,True,False,-0.9308928571428527,-0.9308928571428527,maroon,False,False,282.7608676587776,272.3641323412224,282.55,272.575
2025-06-03 12:00:00+03:00,False,True,False,0.3426785714285785,0.3426785714285785,lime,False,False,283.16206613199415,272.18793386800587,282.49375000000003,272.85625
2025-06-03 16:00:00+03:00,False,True,False,1.8675892857142973,1.8675892857142973,lime,False,False,283.94412677336913,271.7808732266309,282.64375,273.08125
2025-06-04 08:00:00+03:00,False,True,False,3.022142857142864,3.022142857142864,lime,False,False,284.33875427095404,271.611245729046,282.75625,273.19375
2025-06-04 12:00:00+03:00,False,True,False,4.361785714285723,4.361785714285723,lime,False,False,285.21677501038357,271.2082249896164,282.99375,273.43125
2025-06-04 16:00:00+03:00,False,True,False,5.568750000000012,5.568750000000012,lime,False,False,286.4856305216258,270.7393694783742,283.16875,274.05625000000003
2025-06-05 08:00:00+03:00,False,True,False,6.4918750000000145,6.4918750000000145,lime,False,False,287.6618536228447,270.5631463771553,283.65000000000003,274.575
2025-06-05 12:00:00+03:00,False,True,False,7.126785714285733,7.126785714285733,lime,False,False,288.6491227642665,270.65087723573345,284.05625,275.24375
2025-06-10 08:00:00+03:00,False,True,False,8.315535714285726,8.315535714285726,lime,False,False,290.51284105015276,270.1371589498472,284.825,275.825
2025-06-10 12:00:00+03:00,False,True,False,9.180535714285726,9.180535714285726,lime,False,False,292.11749626989894,269.9825037301011,285.625,276.475
2025-06-10 16:00:00+03:00,False,True,False,9.986607142857157,9.986607142857157,lime,False,False,293.6356207475243,269.9893792524757,286.3125,277.3125
2025-06-11 08:00:00+03:00,False,True,False,10.505535714285728,10.505535714285728,lime,False,False,294.64907268814466,270.07592731185537,286.84375,277.88125
2025-06-11 12:00:00+03:00,False,True,False,11.06750000000001,11.06750000000001,lime,False,False,295.59413188034,270.15586811966,287.225,278.525
2025-06-11 16:00:00+03:00,False,True,False,11.343750000000004,11.343750000000004,lime,False,False,296.4212232105901,270.4787767894099,287.81874999999997,279.08125
2025-06-12 08:00:00+03:00,False,True,False,9.927857142857146,9.927857142857146,green,False,False,296.4081097443793,270.8418902556207,288.40625,278.84375
2025-06-12 12:00:00+03:00,False,True,False,7.667232142857145,7.667232142857145,green,False,False,296.0551375319679,271.74486246803207,288.53125,279.26874999999995
2025-06-12 16:00:00+03:00,False,True,False,5.196785714285715,5.196785714285715,green,False,False,295.60028939812196,272.7247106018781,288.85,279.475
2025-06-13 08:00:00+03:00,False,True,False,0.28464285714285786,0.28464285714285786,green,False,False,297.8306020212194,269.46939797878053,289.70624999999995,277.59375
2025-06-13 12:00:00+03:00,False,True,False,-4.306785714285716,-4.306785714285716,red,False,False,299.8405838128582,266.1594161871418,288.98125,277.01875
2025-06-13 16:00:00+03:00,False,True,False,-8.241964285714287,-8.241964285714287,red,False,False,301.1636443868297,263.5863556131703,288.31875,276.43125
2025-06-16 08:00:00+03:00,False,True,False,-11.290625000000004,-11.290625000000004,red,False,False,302.1586600798753,260.5913399201247,287.1875,275.5625
2025-06-16 12:00:00+03:00,False,True,False,-14.004821428571429,-14.004821428571429,red,False,False,302.82496259458276,257.9750374054172,286.325,274.47499999999997
2025-06-16 16:00:00+03:00,False,True,False,-15.574196428571423,-15.574196428571423,red,False,False,302.76470536219296,256.21029463780707,285.73125,273.24375000000003
2025-06-17 08:00:00+03:00,False,True,False,-17.48223214285714,-17.48223214285714,red,False,False,302.8668889435971,254.10811105640295,284.88125,272.09375
2025-06-17 12:00:00+03:00,False,True,False,-18.761160714285715,-18.761160714285715,red,False,False,302.51454174962726,252.3104582503728,283.80625000000003,271.01875
2025-06-17 16:00:00+03:00,False,True,False,-19.75883928571428,-19.75883928571428,red,False,False,301.82513822494934,250.59986177505058,282.5875,269.8375
2025-06-18 08:00:00+03:00,False,True,False,-21.091071428571418,-21.091071428571418,red,False,False,301.1717202906971,248.37827970930283,281.375,268.17499999999995
2025-06-18 12:00:00+03:00,False,True,False,-22.161517857142847,-22.161517857142847,red,False,False,300.26910266979456,246.28089733020536,280.00624999999997,266.54375
2025-06-18 16:00:00+03:00,False,True,False,-22.260446428571417,-22.260446428571417,red,False,False,298.16704911964086,245.05795088035916,278.1,265.125
2025-06-19 08:00:00+03:00,False,True,False,-21.687053571428564,-21.687053571428564,maroon,False,False,295.51542203830616,244.43457796169392,276.40625,263.54375000000005
2025-06-19 12:00:00+03:00,False,True,False,-21.101339285714282,-21.101339285714282,maroon,False,False,292.3343217791219,243.94067822087808,274.775,261.5
2025-06-19 16:00:00+03:00,False,True,False,-20.51071428571428,-20.51071428571428,maroon,False,False,289.0807587371921,243.46924126280783,272.91249999999997,259.6375
2025-06-20 08:00:00+03:00,False,True,False,-18.68008928571428,-18.68008928571428,maroon,False,False,284.758842907481,244.44115709251903,271.55625000000003,257.64375
2025-06-20 12:00:00+03:00,False,True,False,-16.41017857142857,-16.41017857142857,maroon,False,False,279.36223589230474,246.38776410769523,269.90625,255.84375
2025-06-20 16:00:00+03:00,False,True,False,-14.219821428571425,-14.219821428571425,maroon,False,False,275.61294642145697,247.61205357854308,268.11875000000003,255.10625000000002
2025-06-23 08:00:00+03:00,False,True,False,-12.836964144025522,-12.836964144025522,maroon,False,False,272.08154397689674,248.26845602310328,266.98500022888186,253.36499977111816
2025-06-23 12:00:00+03:00,False,True,False,-10.515356870378756,-10.515356870378756,maroon,False,False,267.3726826052733,250.30231739472666,265.7037502288818,251.97124977111815
2025-06-23 16:00:00+03:00,False,True,False,-9.266696036202557,-9.266696036202557,maroon,False,False,267.09458692726787,249.63041307273215,263.86000022888186,252.86499977111816
2025-06-24 08:00:00+03:00,False,True,False,-5.497945927211202,-5.497945927211202,maroon,False,False,268.5121710471156,248.91282895288433,265.4100002288818,252.01499977111814
2025-06-24 12:00:00+03:00,False,True,False,-1.3266958291189965,-1.3266958291189965,maroon,False,False,270.7617336161417,247.63826638385825,266.1412502288818,252.25874977111815
2025-06-24 16:00:00+03:00,False,True,False,2.6824114009312225,2.6824114009312225,lime,False,False,273.3265593641346,246.32344063586538,266.56000022888185,253.08999977111816
2025-06-25 08:00:00+03:00,False,True,False,5.937143620082317,5.937143620082317,lime,False,False,275.11080498735674,245.6141950126433,267.26625022888186,253.45874977111816
2025-06-25 12:00:00+03:00,False,True,False,9.090000828334265,9.090000828334265,lime,False,False,276.3605701089429,245.08942989105714,267.31000022888185,254.1399997711182
2025-06-25 16:00:00+03:00,False,True,False,11.340358025687081,11.340358025687081,lime,False,False,277.51010162676647,244.8148983732336,267.57875022888186,254.7462497711182
2025-06-26 08:00:00+03:00,False,True,False,12.587411640712197,12.587411640712197,lime,False,False,277.9458208988947,244.80417910110532,268.0350002288818,254.71499977111816
2025-06-26 12:00:00+03:00,False,True,False,13.408572387695319,13.408572387695319,lime,False,False,278.37121729170354,244.85378270829645,268.23500022888186,254.98999977111816
2025-06-26 16:00:00+03:00,False,True,False,13.21616169520787,13.21616169520787,green,False,False,278.69553575067374,245.2544642493263,268.39125022888186,255.5587497711182
2025-06-27 08:00:00+03:00,False,True,False,12.577143848964146,12.577143848964146,green,False,False,278.9259579942189,245.82404200578108,268.88500022888184,255.86499977111816
2025-06-27 12:00:00+03:00,False,True,False,12.086786706107011,12.086786706107011,green,False,False,279.2601592369377,246.33984076306234,269.61000022888186,255.98999977111816
2025-06-27 16:00:00+03:00,False,True,False,11.884822409493593,11.884822409493593,green,False,False,279.7857194980535,246.8142805019465,270.20375022888186,256.39624977111816
2025-06-30 08:00:00+03:00,False,True,False,12.593750959123884,12.593750959123884,lime,False,False,281.42806692286695,247.34693307713303,271.7037502288818,257.0712497711182
2025-06-30 12:00:00+03:00,False,True,False,13.511697354997906,13.511697354997906,lime,False,False,283.8702951401528,247.9047048598472,273.5787502288818,258.1962497711182
2025-06-30 16:00:00+03:00,False,True,False,14.321875882829936,14.321875882829936,lime,False,False,286.1228991799838,248.2521008200162,274.57875022888186,259.79624977111814
2025-07-01 08:00:00+03:00,False,True,False,15.176607971191405,15.176607971191405,lime,False,False,288.77396347091013,248.7010365290899,276.39125022888186,261.08374977111816
2025-07-01 12:00:00+03:00,False,True,False,15.803750762939453,15.803750762939453,lime,False,False,291.029544597615,249.47045540238503,277.92250022888186,262.57749977111814
2025-07-01 16:00:00+03:00,False,True,False,16.084643478393556,16.084643478393556,lime,False,False,292.9279821880298,251.57201781197026,279.7875,264.7125
2025-07-02 08:00:00+03:00,False,True,False,16.677143347603938,16.677143347603938,lime,False,False,295.07003422511383,253.6549657748862,282.06875,266.65625
2025-07-02 12:00:00+03:00,False,True,False,15.55330394199917,15.55330394199917,green,False,False,295.5958821947923,256.9041178052077,284.35,268.15
2025-07-02 16:00:00+03:00,False,True,False,15.535089547293534,15.535089547293534,green,False,False,297.389697444928,257.31030255507204,284.21250000000003,270.4875
2025-07-03 08:00:00+03:00,False,True,False,15.896785877772741,15.896785877772741,lime,False,False,299.2054317433893,257.36956825661076,285.07500000000005,271.5
2025-07-03 12:00:00+03:00,False,True,False,16.545357219151086,16.545357219151086,lime,False,False,301.03799379184386,257.33700620815614,285.9375,272.4375
2025-07-03 16:00:00+03:00,False,True,False,16.63241071428571,16.63241071428571,lime,False,False,302.4255812678507,257.77441873214934,286.60625000000005,273.59375
2025-07-04 08:00:00+03:00,False,True,False,16.7742856488909,16.7742856488909,lime,False,False,303.7947456434991,258.3552543565009,287.59999999999997,274.55
2025-07-04 12:00:00+03:00,False,True,False,16.681339165823786,16.681339165823786,green,False,False,304.9591627236868,259.3158372763132,288.66249999999997,275.6125
2025-07-04 16:00:00+03:00,False,True,False,16.074553407941533,16.074553407941533,green,False,False,305.63226064582886,261.1927393541712,289.73125000000005,277.09375
