datetime,vixfix,bb_upper,bb_middle,bb_lower,range_high,range_low,high_volatility,market_bottom,vix_level,position_factor,buy_zone,sell_zone,vix_trend
2020-07-06 00:00:00+03:00,,,,,,,False,False,,,False,False,1
2020-07-13 00:00:00+03:00,,,,,,,False,False,,,False,False,1
2020-07-20 00:00:00+03:00,,,,,,,False,False,,,False,False,1
2020-07-27 00:00:00+03:00,,,,,,,False,False,,,False,False,1
2020-08-03 00:00:00+03:00,,,,,,,False,False,,,False,False,1
2020-08-10 00:00:00+03:00,,,,,,,False,False,,,False,False,1
2020-08-17 00:00:00+03:00,,,,,,,False,False,,,False,False,1
2020-08-24 00:00:00+03:00,,,,,,,False,False,,,False,False,1
2020-08-31 00:00:00+03:00,,,,,,,False,False,,,False,False,1
2020-09-07 00:00:00+03:00,,,,,,,False,False,,,False,False,1
2020-09-14 00:00:00+03:00,,,,,,,False,False,,,False,False,1
2020-09-21 00:00:00+03:00,,,,,,,False,False,,,False,False,1
2020-09-28 00:00:00+03:00,,,,,,,False,False,,,False,False,1
2020-10-05 00:00:00+03:00,,,,,,,False,False,,,False,False,1
2020-10-12 00:00:00+03:00,,,,,,,False,False,,,False,False,1
2020-10-19 00:00:00+03:00,,,,,,,False,False,,,False,False,1
2020-10-26 00:00:00+03:00,,,,,,,False,False,,,False,False,1
2020-11-02 00:00:00+03:00,,,,,,,False,False,,,False,False,1
2020-11-09 00:00:00+03:00,,,,,,,False,False,,,False,False,1
2020-11-16 00:00:00+03:00,,,,,,,False,False,,,False,False,1
2020-11-23 00:00:00+03:00,,,,,,,False,False,,,False,False,1
2020-11-30 00:00:00+03:00,8.623772708361354,,,,,,False,False,low,0.959735858795985,False,False,1
2020-12-07 00:00:00+03:00,11.706888587899511,,,,,,False,False,normal,0.9254790156900055,False,False,1
2020-12-14 00:00:00+03:00,10.634489483620477,,,,,,False,False,normal,0.9373945612931058,False,False,1
2020-12-21 00:00:00+03:00,9.070603607106904,,,,,,False,False,low,0.9547710710321455,False,False,1
2020-12-28 00:00:00+03:00,5.54784276681959,,,,,,False,False,low,0.993912858146449,False,False,1
2021-01-04 00:00:00+03:00,3.4575682170461475,,,,,,False,False,low,1.0171381309217096,False,False,1
2021-01-11 00:00:00+03:00,3.0085314300584054,,,,,,False,False,low,1.0221274285549067,False,False,1
2021-01-18 00:00:00+03:00,10.192954234993982,,,,,,False,False,normal,0.9423005085000669,False,False,1
2021-01-25 00:00:00+03:00,10.989932689434854,,,,,,False,False,normal,0.9334451923396128,False,False,1
2021-02-01 00:00:00+03:00,7.5922866766108195,,,,,,False,False,low,0.9711968147043242,False,False,1
2021-02-08 00:00:00+03:00,9.815439649259755,,,,,,False,False,low,0.9464951150082249,False,False,-1
2021-02-15 00:00:00+03:00,10.234903177461652,,,,,,False,False,normal,0.9418344091393149,False,False,-1
2021-02-22 00:00:00+03:00,18.582221747047274,,,,,,False,False,normal,0.8490864250328081,False,False,-1
2021-03-01 00:00:00+03:00,19.25335795496878,,,,,,False,False,normal,0.8416293560559025,False,False,-1
2021-03-08 00:00:00+03:00,18.456371289672635,,,,,,False,False,normal,0.8504847634480819,False,False,-1
2021-03-15 00:00:00+03:00,19.0855754683354,,,,,,False,False,normal,0.8434936059073844,False,False,-1
2021-03-22 00:00:00+03:00,33.85066896551189,,,,,,False,False,extreme,0.6794370114943122,False,False,-1
2021-03-29 00:00:00+03:00,28.48154474497302,,,,,,False,False,high,0.7390939472780775,False,False,-1
2021-04-05 00:00:00+03:00,22.734903719935094,,,,,,False,False,high,0.8029455142229434,False,False,-1
2021-04-12 00:00:00+03:00,21.518460029806633,30.685226926460942,14.141915857446211,-2.40139521156852,,,False,False,high,0.8164615552243708,False,False,-1
2021-04-19 00:00:00+03:00,29.44630973265696,32.84704765488914,15.183042708660988,-2.4809622375671587,,,False,False,high,0.7283743363038115,False,False,-1
2021-04-26 00:00:00+03:00,26.761751938898204,34.2473094292434,15.935785876210923,-2.3757376768215526,,,False,False,high,0.7582027562344644,False,False,-1
2021-05-03 00:00:00+03:00,24.07718614324449,35.08621437984557,16.607920709192122,-1.8703729614613245,,,False,False,high,0.7880312650750612,False,False,1
2021-05-10 00:00:00+03:00,23.90940201456066,35.745316784171294,17.349860629564812,-1.0455955250416693,,,False,False,high,0.7898955331715483,False,False,1
2021-05-17 00:00:00+03:00,22.98658551541616,35.90107727285369,18.22179776699464,0.5425182611355908,,,False,False,high,0.8001490498287094,False,False,1
2021-05-24 00:00:00+03:00,27.09732059317489,36.058141066327906,19.40378538580108,2.749429705274249,,,False,False,high,0.7544742156313902,False,False,-1
2021-05-31 00:00:00+03:00,28.691275596550415,35.91925373565934,20.687922594125677,5.4565914525920185,,,False,False,high,0.7367636044827732,False,False,-1
2021-06-07 00:00:00+03:00,28.98489614193474,36.445768998609125,21.627519689472717,6.80927038033631,,,False,False,high,0.7335011539785029,False,False,-1
2021-06-14 00:00:00+03:00,31.501677052193237,37.208348888942986,22.653106907610635,8.097864926278286,,,False,False,extreme,0.7055369216422973,False,False,-1
2021-06-21 00:00:00+03:00,29.791842717886407,36.787788419074175,23.763084709674413,10.73838100027465,,,False,False,high,0.7245350809123732,False,False,-1
2021-06-28 00:00:00+03:00,30.65914068389673,36.38655774119302,24.80526976140626,13.2239817816195,,,False,False,extreme,0.714898436845592,False,False,-1
2021-07-05 00:00:00+03:00,26.315798511881873,34.946912027244636,25.60931452812728,16.27171702900992,,,False,False,high,0.7631577943124237,False,False,1
2021-07-12 00:00:00+03:00,25.499099694724215,34.68979495688407,25.955158425511122,17.220521894138177,,,False,False,high,0.7722322256141754,False,True,1
2021-07-19 00:00:00+03:00,16.224347274629523,35.11371064647431,25.803707891494163,16.493705136514016,,,False,False,normal,0.8752850302818942,False,True,1
2021-07-26 00:00:00+03:00,16.624944558787195,35.356446070471456,25.712136554949886,16.067827039428316,,,False,False,normal,0.8708339493468089,False,True,1
2021-08-02 00:00:00+03:00,15.523279484847835,35.80485273301895,25.53402175577551,15.26319077853207,,,False,False,normal,0.8830746723905796,False,True,1
2021-08-09 00:00:00+03:00,12.403487567927945,35.524379401125614,24.46166268589631,13.398945970667011,,,False,False,normal,0.9177390270230228,False,True,1
2021-08-16 00:00:00+03:00,7.053286929267346,36.72998989666669,23.39024979511103,10.050509693555368,,,False,False,low,0.9771857007859184,False,True,1
2021-08-23 00:00:00+03:00,9.456639491127829,37.453015317176664,22.726336583670665,7.999657850164663,,,False,False,low,0.950481783431913,False,True,1
2021-08-30 00:00:00+03:00,8.3024770211797,38.144370950332444,22.065537433239317,5.986703916146194,,,False,False,low,0.9633058108757812,False,True,1
2021-09-06 00:00:00+03:00,11.528293150481192,37.51149223516259,21.16963660413053,4.827780973098466,,,False,False,normal,0.9274634094390979,False,True,1
2021-09-13 00:00:00+03:00,12.681368143313367,37.005096519718094,20.46561741435129,3.9261383089844806,,,False,False,normal,0.914651465074296,False,True,1
2021-09-20 00:00:00+03:00,14.777005503041426,36.63522961519267,20.000608382341134,3.3659871494896016,,,False,False,normal,0.891366605521762,False,True,-1
2021-09-27 00:00:00+03:00,16.01290568561846,36.2246114068611,19.605783565894022,2.986955724926947,,,False,False,normal,0.877634381270906,False,True,-1
2021-10-04 00:00:00+03:00,15.905436832463199,35.869005946691075,19.251726131746377,2.634446316801675,,,False,False,normal,0.8788284796392978,False,True,-1
2021-10-11 00:00:00+03:00,16.87265563275629,34.96598212579943,18.740492883725445,2.5150036416514645,,,False,False,normal,0.8680816040804856,False,True,-1
2021-10-18 00:00:00+03:00,16.12038254995218,33.67480153764315,18.111948231395537,2.549094925147923,,,False,False,normal,0.8764401938894202,False,True,-1
2021-10-25 00:00:00+03:00,9.134868461528473,32.289550405878074,17.119446847375222,1.9493432888723738,,,False,False,low,0.954057017094128,False,True,1
2021-11-01 00:00:00+03:00,9.134886837407185,29.95605882194537,16.00110733663592,2.046155851326466,,,False,False,low,0.954056812917698,False,True,1
2021-11-08 00:00:00+03:00,6.901842629496646,27.764644956319273,14.85660733221643,1.9485697081135864,28.77306862068511,3.0386167443589893,False,False,low,0.9788684152278151,False,True,1
2021-11-15 00:00:00+03:00,6.264830156350082,24.741914596431705,13.636891805839099,2.531869015246494,28.77306862068511,3.0386167443589893,False,False,low,0.9859463315961102,False,True,1
2021-11-22 00:00:00+03:00,5.8636405251242945,22.503475188425817,12.61428390650122,2.7250926245766234,28.77306862068511,3.0386167443589893,False,False,low,0.9904039941652856,False,True,1
2021-11-29 00:00:00+03:00,4.4090905703299805,20.06487530651372,11.559783450281508,3.054691594049295,28.77306862068511,3.0386167443589893,False,False,low,1.0065656603296669,False,True,1
2021-12-06 00:00:00+03:00,3.9090887937351706,19.80303893482656,10.94402052623679,2.0850021176470186,28.77306862068511,3.0386167443589893,False,False,low,1.0121212356251648,False,True,1
2021-12-13 00:00:00+03:00,3.911107381184885,19.27490250908492,10.308328667356673,1.3417548256284242,28.77306862068511,3.0386167443589893,False,False,low,1.0120988068757235,False,True,1
2021-12-20 00:00:00+03:00,21.11111733414486,20.533263915515747,10.587720559821525,0.6421772041273055,28.77306862068511,3.0386167443589893,True,True,high,0.8209875851761682,True,False,-1
2021-12-27 00:00:00+03:00,18.933341340072488,21.517699585783415,10.914213248428753,0.31072691107409156,28.77306862068511,3.9481796816725225,False,False,normal,0.8451850962214168,False,False,-1
2022-01-03 00:00:00+03:00,15.955555706084407,22.02759734247449,11.359326687269606,0.6910560320647221,28.77306862068511,3.9481796816725225,False,False,normal,0.8782716032657288,False,False,-1
2022-01-10 00:00:00+03:00,5.333341006058916,22.131122454801247,11.153161763016161,0.17520107123107564,28.77306862068511,3.9481796816725225,False,False,low,0.9962962110437898,False,True,1
2022-01-17 00:00:00+03:00,8.844444451300921,22.131234954938478,11.180260134522221,0.2292853141059652,28.77306862068511,3.9481796816725225,False,False,low,0.9572839505411008,False,True,1
2022-01-24 00:00:00+03:00,11.600018089049218,22.135348059249566,11.183846381450623,0.23234470365167859,28.77306862068511,3.9481796816725225,False,False,normal,0.9266664656772309,False,False,-1
2022-01-31 00:00:00+03:00,12.666678826290411,22.134192685025816,11.183111915599474,0.2320311461731297,28.77306862068511,3.9481796816725225,False,False,normal,0.9148146797078843,False,False,-1
2022-02-07 00:00:00+03:00,15.022223558279677,22.163930830196836,11.195372818361388,0.22681480652594033,28.77306862068511,3.9481796816725225,False,False,normal,0.8886419604635591,False,False,-1
2022-02-14 00:00:00+03:00,12.177777025116988,21.74938757400659,11.003616385336315,0.2578451966660378,28.77306862068511,3.9481796816725225,False,False,normal,0.9202469219431446,False,False,1
2022-02-21 00:00:00+03:00,21.955555749036293,22.93708851062268,11.306122331164968,-0.32484384829274404,28.77306862068511,3.9481796816725225,False,False,high,0.8116049361218189,False,False,-1
2022-02-28 00:00:00+03:00,22.22222859325192,23.96477962544314,11.573600979189749,-0.8175776670636417,28.77306862068511,3.9481796816725225,False,False,high,0.8086419045194231,False,False,-1
2022-03-07 00:00:00+03:00,16.444446969177655,24.006837334006896,11.589804200151024,-0.8272289337048502,26.77642549436425,3.9481796816725225,False,False,normal,0.8728394781202483,False,False,-1
2022-03-14 00:00:00+03:00,4.22222981978856,24.153836572985863,11.344172268064028,-1.4654920368578068,26.77642549436425,3.9481796816725225,False,False,low,1.0086418908912382,False,True,1
2022-03-21 00:00:00+03:00,3.3333463513428794,24.328725731440546,11.054095243760813,-2.2205352439189205,26.77642549436425,3.366679814856308,False,False,low,1.018518373873968,False,True,1
2022-03-28 00:00:00+03:00,9.904290470694399,24.34839972979288,11.2042176358207,-1.9399644581514774,26.77642549436425,3.366679814856308,False,False,low,0.9455078836589511,False,True,1
2022-04-04 00:00:00+03:00,5.950892816873136,24.358264234485553,11.188520768846853,-1.981222696791848,26.77642549436425,3.366679814856308,False,False,low,0.9894345242569652,False,True,1
2022-04-11 00:00:00+03:00,4.910512881813907,24.398345212876443,11.140864386681333,-2.116616439513775,26.77642549436425,3.366679814856308,False,False,low,1.0009943013131788,False,True,1
2022-04-18 00:00:00+03:00,4.3695498614891894,24.400606167612537,11.138887351239294,-2.122831465133949,26.77642549436425,3.366679814856308,False,False,low,1.007005001539009,False,True,1
2022-04-25 00:00:00+03:00,8.15647086200162,24.256746445498006,11.351256454652617,-1.554233536192772,26.77642549436425,3.366679814856308,False,False,low,0.9649281015333153,False,True,1
2022-05-02 00:00:00+03:00,6.7415688425100635,24.113675046742422,11.492779527718877,-1.128115991304666,26.77642549436425,3.366679814856308,False,False,low,0.9806492350832215,False,True,1
2022-05-09 00:00:00+03:00,15.730341635032644,23.193968201215302,11.223740742763265,-0.7464867156887713,26.77642549436425,3.366679814856308,False,False,normal,0.8807739818329706,False,False,-1
2022-05-16 00:00:00+03:00,14.107369097605426,22.483682442684902,10.982442130639912,-0.5187981814050779,26.77642549436425,3.366679814856308,False,False,normal,0.8988070100266063,False,False,-1
2022-05-23 00:00:00+03:00,14.898038315116102,22.343935128925956,10.929566261091496,-0.4848026067429654,26.77642549436425,3.366679814856308,False,False,normal,0.8900217964987099,False,False,-1
2022-05-30 00:00:00+03:00,9.07198989973954,22.264319896227462,11.116498705775527,-0.03132248467641041,26.06026958131222,3.366679814856308,False,False,low,0.9547556677806718,False,True,1
2022-06-06 00:00:00+03:00,11.360794986447727,22.3388491788332,11.242316232532868,0.1457832862325379,26.06026958131222,3.366679814856308,False,False,normal,0.9293245001505808,False,False,-1
2022-06-13 00:00:00+03:00,10.195583587927484,22.27686856932482,11.172094507476782,0.06732044562874506,22.36842873509959,3.366679814856308,False,False,normal,0.9422712934674724,False,True,-1
2022-06-20 00:00:00+03:00,8.42105216193323,22.10653058102153,10.959813174258922,-0.18690423250368582,21.674234740515583,3.366679814856308,False,False,low,0.961988309311853,False,True,1
2022-06-27 00:00:00+03:00,6.432752724677668,21.679909982766404,10.530339632578821,-0.6192307176087617,18.88889430426413,3.366679814856308,False,False,low,0.9840805252813593,False,True,1
2022-07-04 00:00:00+03:00,6.120846016630863,21.516813872363283,10.227493082154515,-1.0618277080542526,18.88889430426413,3.366679814856308,False,False,low,0.9875461553707682,False,True,1
2022-07-11 00:00:00+03:00,5.653018713979472,19.4173266283659,9.412366230401675,-0.5925941675625488,18.88889430426413,3.366679814856308,False,False,low,0.9927442365113393,False,True,1
2022-07-18 00:00:00+03:00,10.027701112031762,16.806876799094972,8.802639856340667,0.7984029135863615,18.88889430426413,3.366679814856308,False,False,normal,0.9441366543107582,False,False,-1
2022-07-25 00:00:00+03:00,5.693951458181592,15.517122611780529,8.265115080790864,1.013107549801199,18.88889430426413,3.366679814856308,False,False,low,0.9922894282424267,False,True,1
2022-08-01 00:00:00+03:00,3.5344814432078326,15.56945674063391,8.230727661961826,0.8919985832897419,18.88889430426413,3.366679814856308,False,False,low,1.016283539519913,False,True,1
2022-08-08 00:00:00+03:00,15.457186197417942,16.469377642297623,8.83691965426558,1.204461666233538,18.88889430426413,3.366679814856308,False,False,normal,0.8838090422509117,False,False,-1
2022-08-15 00:00:00+03:00,9.90565872832588,16.469486362913408,8.836988067147153,1.204489771380901,18.88889430426413,3.366679814856308,False,False,low,0.9454926807963792,False,False,-1
2022-08-22 00:00:00+03:00,13.761467889908257,17.0355032206766,9.22751682079891,1.4195304209212187,18.88889430426413,3.366679814856308,False,False,normal,0.9026503567787971,False,False,-1
2022-08-29 00:00:00+03:00,7.701282041010005,16.946605955165463,9.367055278758716,1.7875046023519694,18.88889430426413,3.366679814856308,False,False,low,0.9699857550998888,False,True,1
2022-09-05 00:00:00+03:00,9.426010780306694,16.825659200918402,9.61987832469959,2.4140974484807796,18.88889430426413,3.366679814856308,False,False,low,0.9508221024410367,False,True,-1
2022-09-12 00:00:00+03:00,9.79166825612385,16.874537887353124,9.701638194405701,2.5287385014582773,18.88889430426413,3.366679814856308,False,False,low,0.9467592415986239,False,False,-1
2022-09-19 00:00:00+03:00,12.85296722539787,17.169848498623903,10.007208113550092,2.8445677284762825,18.88889430426413,3.366679814856308,False,False,normal,0.9127448086066903,False,False,-1
2022-09-26 00:00:00+03:00,8.422592224374135,16.303222775286184,9.641820643017166,2.980418510748147,18.88889430426413,3.366679814856308,False,False,low,0.961971197506954,False,True,1
2022-10-03 00:00:00+03:00,6.531737510077179,15.71349488830219,9.263039063640754,2.812583238979319,18.88889430426413,3.366679814856308,False,False,low,0.9829806943324758,False,True,1
2022-10-10 00:00:00+03:00,3.6798542540625805,15.039423987055603,8.702129860588078,2.364835734120553,18.88889430426413,3.366679814856308,False,False,low,1.0146682860659713,False,True,1
2022-10-17 00:00:00+03:00,11.750405041088385,15.317808822267043,8.83605061765552,2.3542924130439973,18.88889430426413,3.366679814856308,False,False,normal,0.9249954995434624,False,False,-1
2022-10-24 00:00:00+03:00,3.8897866643407975,15.188147021708378,8.462500201550174,1.7368533813919695,18.88889430426413,3.366679814856308,False,False,low,1.0123357037295466,False,True,1
2022-10-31 00:00:00+03:00,13.474143910270772,15.681677718418786,8.626428217667339,1.5711787169158917,18.88889430426413,3.366679814856308,False,False,normal,0.9058428454414359,False,False,-1
2022-11-07 00:00:00+03:00,8.089254768797415,15.668680697175052,8.609838348010548,1.5509959988460453,18.88889430426413,3.366679814856308,False,False,low,0.9656749470133621,False,True,1
2022-11-14 00:00:00+03:00,12.970699689091866,16.17435139876671,8.936735696231258,1.6991199936958052,18.88889430426413,3.366679814856308,False,False,normal,0.9114366701212014,False,False,-1
2022-11-21 00:00:00+03:00,14.644352487730616,16.899974270937683,9.362911019786244,1.8258477686348034,18.88889430426413,3.366679814856308,False,False,normal,0.8928405279141043,False,False,-1
2022-11-28 00:00:00+03:00,15.271965735014534,17.60831451492008,9.843858370837998,2.0794022267559136,18.88889430426413,3.366679814856308,False,False,normal,0.8858670473887273,False,False,-1
2022-12-05 00:00:00+03:00,14.993022903963569,18.191631625095432,10.092124460434588,1.9926172957737442,18.88889430426413,3.366679814856308,False,False,normal,0.8889664121781826,False,False,-1
2022-12-12 00:00:00+03:00,8.926072379588906,18.109040462389387,10.253730506504954,2.3984205506205223,18.88889430426413,3.366679814856308,False,False,low,0.9563769735601233,False,True,1
2022-12-19 00:00:00+03:00,6.58887511722928,17.817954617403114,10.406450190206026,2.9949457630089382,18.88889430426413,3.366679814856308,False,False,low,0.9823458320307857,False,True,1
2022-12-26 00:00:00+03:00,4.027299588043932,17.36833285741737,9.834955859737326,2.301578862057281,18.88889430426413,3.366679814856308,False,False,low,1.0108077823550674,False,True,1
2023-01-02 00:00:00+03:00,12.081895756458945,17.544014830703937,9.94376771114398,2.3435205915840243,18.88889430426413,3.366679814856308,False,False,normal,0.9213122693726784,False,False,-1
2023-01-09 00:00:00+03:00,16.996576441786964,18.171329096330254,10.105523138737915,2.0397171811455763,18.88889430426413,3.366679814856308,False,False,normal,0.8667047062023671,False,False,-1
2023-01-16 00:00:00+03:00,13.043476458082537,18.45700458836137,10.37263285959154,2.2882611308217076,18.88889430426413,3.366679814856308,False,False,normal,0.9106280393546384,False,False,-1
2023-01-23 00:00:00+03:00,6.114125834666409,18.505883481936305,10.207038612309528,1.9081937426827515,18.88889430426413,3.366679814856308,False,False,low,0.9876208240592621,False,True,1
2023-01-30 00:00:00+03:00,20.516293188079864,20.230033409819036,10.743269858907329,1.2565063079956218,18.88889430426413,3.366679814856308,True,True,high,0.8275967423546682,True,False,-1
2023-02-06 00:00:00+03:00,18.95379283977049,21.190402729878237,11.048311139625959,0.9062195493736791,18.88889430426413,3.366679814856308,True,False,normal,0.8449578573358835,True,False,-1
2023-02-13 00:00:00+03:00,15.149434614525445,21.605961211038156,11.384653259133525,1.1633453072288926,17.438849209867882,3.366679814856308,False,False,normal,0.8872285042830506,False,False,-1
2023-02-20 00:00:00+03:00,11.277148639439876,21.585982561788107,11.621923815601658,1.6578650694152106,17.438849209867882,3.366679814856308,False,False,normal,0.9302539040062237,False,True,1
2023-02-27 00:00:00+03:00,7.540730128247845,21.267631635705392,11.814967609310923,2.3623035829164554,17.438849209867882,3.366679814856308,False,False,low,0.9717696652416906,False,True,1
2023-03-06 00:00:00+03:00,13.136890545301755,21.355281012004816,11.884291884521591,2.413302757038368,17.438849209867882,3.569826257639911,False,False,normal,0.9095901050522027,False,False,1
2023-03-13 00:00:00+03:00,11.86726982078476,20.97653230526173,12.28316604234379,3.5897997794258494,17.438849209867882,3.569826257639911,False,False,normal,0.9236970019912805,False,True,1
2023-03-20 00:00:00+03:00,7.81777066341601,20.896248628432502,12.00034738000105,3.104446131569599,17.438849209867882,3.569826257639911,False,False,low,0.9686914370731554,False,True,1
2023-03-27 00:00:00+03:00,9.56129838903714,20.857247099069976,12.073949561013038,3.290652022956099,17.438849209867882,3.569826257639911,False,False,low,0.9493189067884762,False,True,1
2023-04-03 00:00:00+03:00,99.43757035039778,56.46097159098316,16.397293094078332,-23.666385402826503,84.52193479783811,3.569826257639911,True,True,extreme,-0.049306337226642016,True,False,-1
2023-04-10 00:00:00+03:00,7.092577726678326,56.29473397681341,16.01970435602572,-24.25532526476197,84.52193479783811,3.569826257639911,False,False,low,0.9767491363702409,False,True,1
2023-04-17 00:00:00+03:00,3.8440649733687304,56.09059424018473,15.44830931794343,-25.193975604297872,84.52193479783811,3.569826257639911,False,False,low,1.0128437225181253,False,True,1
2023-04-24 00:00:00+03:00,7.90469936800504,55.8762792678949,15.093893141145504,-25.68849298560389,84.52193479783811,3.569826257639911,False,False,low,0.9677255625777218,False,True,1
2023-05-01 00:00:00+03:00,9.799668792072481,55.89400732981729,15.137572961769678,-25.618861406277937,84.52193479783811,3.569826257639911,False,False,low,0.9466703467547503,False,True,1
2023-05-08 00:00:00+03:00,9.798728655172953,55.937872004999235,15.298065638666865,-25.34174072766551,84.52193479783811,3.569826257639911,False,False,low,0.9466807927203005,False,True,1
2023-05-15 00:00:00+03:00,12.076273308132233,56.028593406771414,15.70051432467128,-24.62756475742885,84.52193479783811,3.569826257639911,False,False,normal,0.921374741020753,False,True,1
2023-05-22 00:00:00+03:00,14.459756682283375,56.11657637092129,15.8194073709625,-24.477761628996284,84.52193479783811,3.569826257639911,False,False,normal,0.8948915924190736,False,True,1
2023-05-29 00:00:00+03:00,11.652548312369898,55.887361703333184,15.552205964491648,-24.782949774349888,84.52193479783811,3.569826257639911,False,False,normal,0.9260827965292233,False,True,1
2023-06-05 00:00:00+03:00,7.496100311164901,55.75865118258281,15.274837157145765,-25.208976868291277,84.52193479783811,3.569826257639911,False,False,low,0.9722655520981678,False,True,1
2023-06-12 00:00:00+03:00,5.619096324612326,55.758080050785566,15.250085681643062,-25.257908687499437,84.52193479783811,3.569826257639911,False,False,low,0.993121151948752,False,True,1
2023-06-19 00:00:00+03:00,5.3554042487185685,55.15223200386117,14.492041234674996,-26.168149534511176,84.52193479783811,3.569826257639911,False,False,low,0.996051063903127,False,True,1
2023-06-26 00:00:00+03:00,3.1514637886553163,54.61044552069558,13.701924782119239,-27.206595956457104,84.52193479783811,3.1829784265418697,False,False,low,1.0205392912371631,False,True,1
2023-07-03 00:00:00+03:00,11.111109700024143,54.418310225972654,13.500008536394171,-27.418293153184315,84.52193479783811,3.1829784265418697,False,False,normal,0.9320987811108429,False,True,-1
2023-07-10 00:00:00+03:00,1.6016402038950213,54.2725806382009,13.016233114616929,-28.240114408967038,84.52193479783811,1.6176566059339714,False,False,low,1.0377595532900554,False,True,1
2023-07-17 00:00:00+03:00,11.330935251798572,54.39094846954893,13.205743370794465,-27.97946172796,84.52193479783811,1.6176566059339714,False,False,normal,0.9296562749800159,False,True,-1
2023-07-24 00:00:00+03:00,7.504363001745215,54.188259818133986,12.92411699361664,-28.34002583090071,84.52193479783811,1.6176566059339714,False,False,low,0.9721737444250531,False,True,1
2023-07-31 00:00:00+03:00,7.179485223232169,54.03232755075423,12.68972776373901,-28.652872023276217,84.52193479783811,1.6176566059339714,False,False,low,0.9757834975196426,False,True,1
2023-08-07 00:00:00+03:00,8.567247892680907,54.0525626035429,12.727201625202254,-28.598159353138392,84.52193479783811,1.6176566059339714,False,False,low,0.9603639123035455,False,True,-1
2023-08-14 00:00:00+03:00,3.508770545385963,53.935780590409045,12.424575233019695,-29.086630124369655,84.52193479783811,1.6176566059339714,False,False,low,1.0165692161623783,False,True,1
2023-08-21 00:00:00+03:00,7.3684271943025585,14.557863598694778,7.821118075214935,1.0843725517350915,84.52193479783811,1.6176566059339714,False,False,low,0.9736841422855271,False,True,-1
2023-08-28 00:00:00+03:00,5.478282276952696,14.5521667690739,7.740403302728653,0.9286398363834065,84.52193479783811,1.6176566059339714,False,False,low,0.9946857524783034,False,True,1
2023-09-04 00:00:00+03:00,5.197892402910626,14.482347545307942,7.8080946742057495,1.1338418031035573,84.52193479783811,1.6176566059339714,False,False,low,0.9978011955232152,False,True,1
2023-09-11 00:00:00+03:00,2.7792360443489224,14.593926636288577,7.551821508022942,0.5097163797573074,84.52193479783811,1.6176566059339714,False,False,low,1.0246751550627897,False,True,1
2023-09-18 00:00:00+03:00,4.404822677855292,14.374758571666359,7.282079202312083,0.1893998329578066,84.52193479783811,1.6176566059339714,False,False,low,1.0066130813571634,False,True,1
2023-09-25 00:00:00+03:00,5.348711072311614,14.098840142367642,7.059578323169016,0.020316503970390976,84.52193479783811,1.6176566059339714,False,False,low,0.996125432529871,False,True,1
2023-10-02 00:00:00+03:00,12.21957331910053,14.127763469151267,7.06674332371743,0.0057231782835938105,84.52193479783811,1.6176566059339714,False,False,normal,0.9197825186766608,False,False,-1
2023-10-09 00:00:00+03:00,13.150356752847674,13.792808391673947,7.001273327245646,0.20973826281734542,84.52193479783811,1.6176566059339714,False,False,normal,0.9094404805239147,False,False,-1
2023-10-16 00:00:00+03:00,17.231502117613758,15.234835585059345,7.280221017507839,-0.6743935500436677,84.52193479783811,1.6176566059339714,True,True,normal,0.8640944209154027,True,False,-1
2023-10-23 00:00:00+03:00,20.02386841584915,17.694541711470936,7.9066094227420525,-1.8813228659868315,84.52193479783811,1.6176566059339714,True,True,high,0.8330681287127872,True,False,-1
2023-10-30 00:00:00+03:00,20.14318435370234,19.76853898938662,8.632813824196552,-2.5029113409935153,84.52193479783811,1.6176566059339714,True,True,high,0.831742396069974,True,False,-1
2023-11-06 00:00:00+03:00,13.245814153866409,20.23303034402919,9.027334319453944,-2.178361705121299,84.52193479783811,1.6176566059339714,False,False,normal,0.9083798427348176,False,False,-1
2023-11-13 00:00:00+03:00,17.36276488865552,21.17469783573342,9.737899374453953,-1.698899086825513,84.52193479783811,1.6176566059339714,False,False,normal,0.8626359456816053,False,False,-1
2023-11-20 00:00:00+03:00,13.723148434196553,21.430299310209413,9.868501311162575,-1.6932966878842635,84.52193479783811,1.6176566059339714,False,False,normal,0.9030761285089272,False,False,-1
2023-11-27 00:00:00+03:00,16.82577519281482,21.900826480810764,10.629708060608564,-0.6414103595936371,84.52193479783811,1.6176566059339714,False,False,normal,0.8686024978576131,False,False,-1
2023-12-04 00:00:00+03:00,19.152738769626243,22.91969094907195,11.020798236499948,-0.8780944760720537,84.52193479783811,1.6176566059339714,False,False,normal,0.8427473470041529,False,False,-1
2023-12-11 00:00:00+03:00,20.107392917659492,24.088426164151052,11.650949732295661,-0.7865266995597278,84.52193479783811,1.6176566059339714,False,False,high,0.8321400786926723,False,False,-1
2023-12-18 00:00:00+03:00,22.25536343994434,25.510603200423297,12.404743643131273,-0.7011159141607504,84.52193479783811,1.6176566059339714,False,False,high,0.808273739556174,False,False,-1
2023-12-25 00:00:00+03:00,23.031021243324265,26.920441719516283,13.12793231066344,-0.6645770981894028,84.52193479783811,1.6176566059339714,False,False,high,0.7996553195186193,False,False,-1
2024-01-01 00:00:00+03:00,21.300711912935057,27.489110730342983,14.017529379040894,0.545948027738806,84.52193479783811,1.6176566059339714,False,False,high,0.8188809787451661,False,False,-1
2024-01-08 00:00:00+03:00,17.064435177085464,27.66062986864941,14.502329778180037,1.3440296877106679,84.52193479783811,1.6176566059339714,False,False,normal,0.865950720254606,False,False,1
2024-01-15 00:00:00+03:00,12.649160591365114,27.35802131773923,14.860873693900658,2.3637260700620857,84.52193479783811,1.6176566059339714,False,False,normal,0.9150093267626098,False,True,1
2024-01-22 00:00:00+03:00,11.694507416828834,26.941027419099544,15.18570444459657,3.4303814700935966,84.52193479783811,1.6176566059339714,False,False,normal,0.9256165842574574,False,True,1
2024-01-29 00:00:00+03:00,4.804270462633456,26.619627720764065,15.286956165510796,3.9542846102575275,84.52193479783811,1.6176566059339714,False,False,low,1.002174772637406,False,True,1
2024-02-05 00:00:00+03:00,5.3611738148984225,26.480643454478546,15.334773722362954,4.188903990247363,84.52193479783811,1.6176566059339714,False,False,low,0.9959869576122398,False,True,1
2024-02-12 00:00:00+03:00,5.033185840707961,26.525111818383795,15.318997460782768,4.1128831031817406,84.52193479783811,1.6176566059339714,False,False,low,0.9996312684365782,False,True,1
2024-02-19 00:00:00+03:00,5.6842105263157885,26.93576213315539,14.992229321143531,3.0486965091316733,84.52193479783811,1.6176566059339714,False,False,low,0.9923976608187135,False,True,1
2024-02-26 00:00:00+03:00,4.941416199694351,27.3289999527021,14.581782293485867,1.8345646342696327,84.52193479783811,1.6176566059339714,False,False,low,1.0006509311145073,False,True,1
2024-03-04 00:00:00+03:00,4.533881892375949,27.384575815528443,13.946901282223976,0.5092267489195077,84.52193479783811,1.6176566059339714,False,False,low,1.0051790900847117,False,True,1
2024-03-11 00:00:00+03:00,2.4961841417516517,27.112117800379494,13.0705170685191,-0.9710836633412949,84.52193479783811,1.6176566059339714,False,False,low,1.0278201762027595,False,True,1
2024-03-18 00:00:00+03:00,10.952623646976086,26.27446818863549,12.610989033182788,-1.0524901222699103,19.576368056825626,1.6176566059339714,False,False,normal,0.9338597372558213,False,True,-1
2024-03-25 00:00:00+03:00,17.065716365552007,26.608867686529305,12.801984143767069,-1.0048993989951676,19.576368056825626,1.6176566059339714,False,False,normal,0.8659364848272,False,False,-1
2024-04-01 00:00:00+03:00,16.199699424525964,26.479445505045483,12.743830870560592,-0.9917837639242979,19.576368056825626,1.6176566059339714,False,False,normal,0.8755588952830449,False,False,-1
2024-04-08 00:00:00+03:00,9.271526298365913,26.334102350424764,12.52124976376906,-1.2916028228866452,19.576368056825626,1.6176566059339714,False,False,low,0.9525385966848232,False,True,-1
2024-04-15 00:00:00+03:00,16.861946970424395,26.338293317669894,12.523058352649537,-1.2921766123708203,19.576368056825626,1.6176566059339714,False,False,normal,0.8682005892175068,False,False,-1
2024-04-22 00:00:00+03:00,14.009177986170998,25.748980727395818,12.265880313476774,-1.217220100442269,19.576368056825626,1.6176566059339714,False,False,normal,0.8998980223758778,False,False,-1
2024-04-29 00:00:00+03:00,10.596025859022701,24.770436633350307,11.790311960544935,-1.1898127122604372,19.576368056825626,1.6176566059339714,False,False,normal,0.9378219348997477,False,True,1
2024-05-06 00:00:00+03:00,8.30361656651701,23.17319562320796,11.09272461687357,-0.9877463894608187,19.576368056825626,1.6176566059339714,False,False,low,0.9632931492609221,False,True,1
2024-05-13 00:00:00+03:00,10.484668644906039,21.159042194657307,10.465406986952658,-0.22822822075199056,19.576368056825626,1.6176566059339714,False,False,normal,0.9390592372788218,False,False,1
2024-05-20 00:00:00+03:00,8.555886959243045,19.24597213298875,9.828165739268057,0.41035934554736286,19.576368056825626,1.6176566059339714,False,False,low,0.9604901448972994,False,True,1
2024-05-27 00:00:00+03:00,9.347175799062127,18.222562547858608,9.44230277036689,0.6620429928751719,19.576368056825626,1.6176566059339714,False,False,low,0.9516980466770875,False,True,1
2024-06-03 00:00:00+03:00,5.169668027592615,17.910403374558868,9.068328142178267,0.22625290979766532,19.576368056825626,1.6176566059339714,False,False,low,0.9981147996934154,False,True,1
2024-06-10 00:00:00+03:00,6.007751937984513,17.636218731129677,8.78399036823605,-0.06823799465757574,19.576368056825626,1.6176566059339714,False,False,low,0.9888027562446166,False,True,1
2024-06-17 00:00:00+03:00,2.7204502814258906,17.77497425957216,8.679799359175671,-0.4153755412208202,19.576368056825626,1.6176566059339714,False,False,low,1.025328330206379,False,True,1
2024-06-24 00:00:00+03:00,2.626626794064681,17.925970403969682,8.543072008133985,-0.8398263877017129,19.576368056825626,2.521145983169168,False,False,low,1.0263708133992813,False,True,1
2024-07-01 00:00:00+03:00,3.7313432835820857,17.980698700804222,8.47797988027769,-1.0247389402488416,19.576368056825626,2.521145983169168,False,False,low,1.0140961857379769,False,True,1
2024-07-08 00:00:00+03:00,4.09982174688058,18.025155248918274,8.39876044130593,-1.2276343663064146,19.576368056825626,2.521145983169168,False,False,low,1.0100019805902158,False,True,1
2024-07-15 00:00:00+03:00,2.43478260869564,18.15133774032246,8.273428761755994,-1.6044802168104724,19.576368056825626,2.459130434782596,False,False,low,1.0285024154589373,False,True,1
2024-07-22 00:00:00+03:00,2.9565232274727835,18.222238611331143,8.194560828510836,-1.8331169543094727,19.576368056825626,2.459130434782596,False,False,low,1.0227052974725246,False,True,1
2024-07-29 00:00:00+03:00,8.956529803141198,18.182003650117757,8.517578111580313,-1.1468474269571303,19.576368056825626,2.459130434782596,False,False,low,0.9560385577428756,False,False,-1
2024-08-05 00:00:00+03:00,14.217389252358522,18.624667073079777,8.680816391849437,-1.2630342893809026,19.576368056825626,2.459130434782596,False,False,normal,0.897584563862683,False,False,-1
2024-08-12 00:00:00+03:00,13.130440017520362,17.869361061145078,8.484052574447853,-0.9012559122493702,19.576368056825626,2.459130434782596,False,False,normal,0.9096617775831071,False,False,-1
2024-08-19 00:00:00+03:00,17.391303405890334,18.147754565872006,8.543632773516071,-1.0604890188398617,19.576368056825626,2.459130434782596,False,False,normal,0.862318851045663,False,False,-1
2024-08-26 00:00:00+03:00,17.869563858573656,19.445379985180004,8.973534651526458,-1.4983106821270855,19.576368056825626,2.459130434782596,False,False,normal,0.8570048460158483,False,False,-1
2024-09-02 00:00:00+03:00,15.913042633140584,19.2550730645793,8.926089434662268,-1.402894195254765,19.576368056825626,2.459130434782596,False,False,normal,0.8787439707428824,False,False,-1
2024-09-09 00:00:00+03:00,16.78261114188552,19.74942876916393,9.064761092447995,-1.619906584267941,19.576368056825626,2.459130434782596,False,False,normal,0.8690820984234942,False,False,-1
2024-09-16 00:00:00+03:00,14.608697066631626,20.21845684189399,9.26539465282844,-1.6876675362371092,19.576368056825626,2.459130434782596,False,False,normal,0.8932366992596485,False,False,-1
2024-09-23 00:00:00+03:00,20.304349998281314,21.86181763683664,9.865431324416656,-2.1309549880033263,19.576368056825626,2.459130434782596,True,True,high,0.8299516666857631,True,False,-1
2024-09-30 00:00:00+03:00,26.608693379469646,24.817803792057518,10.671632561144836,-3.4745386697678473,22.617389372549198,2.459130434782596,True,True,high,0.7599034068947818,True,False,-1
2024-10-07 00:00:00+03:00,26.86956280764961,27.426437082833303,11.587316353565166,-4.251804375702971,22.839128386502168,2.459130434782596,True,True,high,0.7570048576927821,True,False,-1
2024-10-14 00:00:00+03:00,28.56522288218312,30.058719044548774,12.548218707721214,-4.962281629106348,24.280439449855653,2.459130434782596,True,True,high,0.7381641901979653,True,False,-1
2024-10-21 00:00:00+03:00,30.95652100176721,32.797953305592365,13.837561356429944,-5.122830592732477,26.31304285150213,2.459130434782596,True,True,extreme,0.7115942110914755,True,False,-1
2024-10-28 00:00:00+03:00,29.26087154193157,34.77338044431923,15.000217336627298,-4.772945771064631,26.31304285150213,2.459130434782596,True,False,high,0.7304347606452047,True,False,-1
2024-11-04 00:00:00+03:00,30.91304227939915,36.51394239856491,16.40984693652596,-3.6942485255129895,26.31304285150213,2.459130434782596,True,True,extreme,0.7120773080066761,True,False,-1
2024-11-11 00:00:00+03:00,22.869566582466245,36.62227680758984,17.421993925946037,-1.7782889556977715,26.31304285150213,2.459130434782596,False,False,high,0.8014492601948195,False,False,1
2024-11-18 00:00:00+03:00,20.144761719329924,36.35111668193456,18.24266484773343,0.1342130135322961,26.31304285150213,2.459130434782596,False,False,high,0.8317248697852231,False,False,1
2024-11-25 00:00:00+03:00,18.26324355642046,35.79408489870795,18.950835938210425,2.107586977712902,26.31304285150213,2.459130434782596,False,False,normal,0.8526306271508838,False,True,1
2024-12-02 00:00:00+03:00,16.425478650164855,34.66868834108372,19.650370740283883,4.632053139484039,26.31304285150213,2.459130434782596,False,False,normal,0.8730502372203905,False,True,1
2024-12-09 00:00:00+03:00,11.087214433677946,33.533587276110154,20.056905300594142,6.5802233250781335,26.31304285150213,2.459130434782596,False,False,normal,0.9323642840702451,False,True,1
2024-12-16 00:00:00+03:00,10.876257731749478,33.320485346120066,20.152891697024558,6.985298047929049,26.31304285150213,2.459130434782596,False,False,normal,0.9347082474250058,False,True,1
2024-12-23 00:00:00+03:00,11.036915520093578,33.53481016562288,19.993868010411312,6.452925855199744,26.31304285150213,2.459130434782596,False,False,normal,0.9329231608878491,False,True,1
2024-12-30 00:00:00+03:00,2.056077794194123,34.928494533948985,19.440149899244997,3.951805264541008,26.31304285150213,2.0766385721360643,False,False,low,1.0327102467311764,False,True,1
2025-01-06 00:00:00+03:00,2.1435228331780127,35.98503155468024,18.677760870609383,1.3704901865385253,26.31304285150213,2.0766385721360643,False,False,low,1.031738635186911,False,True,1
2025-01-13 00:00:00+03:00,4.731574158325743,36.4201479321826,18.020861385596987,-0.3784251609886269,26.31304285150213,2.0766385721360643,False,False,low,1.0029825093519362,False,True,1
2025-01-20 00:00:00+03:00,3.038427167113492,36.95035582489054,17.37713061229563,-2.1960946002992827,26.31304285150213,2.0766385721360643,False,False,low,1.021795253698739,False,True,1
2025-01-27 00:00:00+03:00,6.837606837606845,37.01396196240138,16.8798803970817,-3.25420116823798,26.31304285150213,2.0766385721360643,False,False,low,0.9795821462488128,False,True,1
2025-02-03 00:00:00+03:00,4.717775905644476,37.22773993887398,16.38533433903234,-4.457071260809297,26.31304285150213,2.0766385721360643,False,False,low,1.003135823270617,False,True,1
2025-02-10 00:00:00+03:00,3.20134201456843,37.0867739148478,15.530183939846697,-6.026406035154402,26.31304285150213,2.0766385721360643,False,False,low,1.0199850887270174,False,True,1
2025-02-17 00:00:00+03:00,8.2561090437025,35.74172707596685,14.612554723058338,-6.51661762985017,26.31304285150213,2.0766385721360643,False,False,low,0.9638210106255278,False,True,-1
2025-02-24 00:00:00+03:00,7.07666663442051,34.18125597559735,13.622909914396885,-6.935436146803578,26.31304285150213,2.0766385721360643,False,False,low,0.9769259262842166,False,True,-1
2025-03-03 00:00:00+03:00,6.3184426979854225,32.04678897763426,12.510570905186999,-7.02564716726026,26.31304285150213,2.0766385721360643,False,False,low,0.9853506366890509,False,True,-1
2025-03-10 00:00:00+03:00,14.237566997552317,29.216491305190758,11.674623204976253,-5.867244895238251,26.31304285150213,2.0766385721360643,False,False,normal,0.8973603666938631,False,False,-1
2025-03-17 00:00:00+03:00,24.389215006408342,28.05603399341539,11.431040378200093,-5.193953237015206,26.31304285150213,2.0766385721360643,False,False,high,0.784564277706574,False,False,-1
2025-03-24 00:00:00+03:00,23.420384463904007,26.094908517314092,11.056407487425336,-3.9820935424634207,26.31304285150213,2.0766385721360643,False,False,high,0.7953290615121777,False,False,-1
2025-03-31 00:00:00+03:00,21.819711487935383,25.875196228040263,11.003914732698792,-3.8673667626426784,26.31304285150213,2.0766385721360643,False,False,high,0.813114316800718,False,False,-1
2025-04-07 00:00:00+03:00,22.493678369998847,26.329876376250308,11.121360565232237,-4.087155245785834,26.31304285150213,2.0766385721360643,False,False,high,0.8056257958889017,False,False,-1
2025-04-14 00:00:00+03:00,21.651219938701814,26.904299757289902,11.290759384346307,-4.322780988597287,26.31304285150213,2.0766385721360643,False,False,high,0.8149864451255354,False,False,-1
2025-04-21 00:00:00+03:00,19.54506973098048,27.33615454207896,11.446738938387087,-4.4426766653047824,26.31304285150213,2.0766385721360643,False,False,normal,0.838388114100217,False,False,-1
2025-04-28 00:00:00+03:00,20.640266979135315,28.33413141027179,11.924391565659956,-4.485348278951879,26.31304285150213,2.0766385721360643,False,False,high,0.8262192557873854,False,False,-1
2025-05-05 00:00:00+03:00,18.112892290912335,28.916306567788588,12.286223293618098,-4.34385998055239,26.31304285150213,2.0766385721360643,False,False,normal,0.8543011967676407,False,False,1
2025-05-12 00:00:00+03:00,12.215668613589214,28.96495362677608,12.34516094829288,-4.27463173019032,26.31304285150213,2.0766385721360643,False,False,normal,0.9198259042934531,False,True,1
2025-05-19 00:00:00+03:00,16.764949368255472,29.07326678248407,13.080604526995947,-2.912057728492174,26.31304285150213,2.0766385721360643,False,False,normal,0.869278340352717,False,False,1
2025-05-26 00:00:00+03:00,20.13479247988246,29.396102630149734,13.980168009331171,-1.4357666114873933,26.31304285150213,2.0766385721360643,False,False,high,0.8318356391124171,False,False,-1
2025-06-02 00:00:00+03:00,19.187422755149413,29.64123961113577,14.702960439172353,-0.23531873279106463,26.31304285150213,2.0766385721360643,False,False,normal,0.8423619693872287,False,False,1
2025-06-09 00:00:00+03:00,20.81050834463373,29.69957893133169,15.591564498048365,1.4835500647650406,26.31304285150213,2.0766385721360643,False,False,high,0.8243276850596253,False,False,-1
2025-06-16 00:00:00+03:00,22.64715782747124,30.193355989535952,16.382042047541585,2.570728105547216,26.31304285150213,2.0766385721360643,False,False,high,0.803920468583653,False,False,-1
2025-06-23 00:00:00+03:00,23.50141340088404,30.323757746469212,17.321223922303563,4.318690098137916,26.31304285150213,2.0766385721360643,False,False,high,0.7944287399901773,False,False,-1
2025-06-30 00:00:00+03:00,19.78540165653837,29.352048148788803,18.15042690440206,6.948805660015319,26.31304285150213,2.0766385721360643,False,False,normal,0.8357177593717959,False,False,-1
