datetime,open,high,low,close,volume,symbol
2024-10-15 08:00:00+03:00,53.95000076293945,54.29999923706055,52.79999923706055,53.29999923706055,15934379,AKBNK
2024-10-15 12:00:00+03:00,53.29999923706055,54.75,53.25,53.95000076293945,41137917,AKBNK
2024-10-15 16:00:00+03:00,53.95000076293945,54.650001525878906,53.54999923706055,54.29999923706055,20561812,AKBNK
2024-10-16 08:00:00+03:00,54.20000076293945,54.20000076293945,53.20000076293945,53.25,10547536,AKBNK
2024-10-16 12:00:00+03:00,53.20000076293945,53.79999923706055,53.04999923706055,53.349998474121094,21705320,AKBNK
2024-10-16 16:00:00+03:00,53.29999923706055,54.75,53.29999923706055,54.5,23931376,AKBNK
2024-10-17 08:00:00+03:00,54.400001525878906,54.900001525878906,53.95000076293945,54.04999923706055,23519023,AKBNK
2024-10-17 12:00:00+03:00,54.04999923706055,54.25,53.349998474121094,53.95000076293945,29324764,AKBNK
2024-10-17 16:00:00+03:00,53.95000076293945,54.150001525878906,53.099998474121094,53.20000076293945,18973904,AKBNK
2024-10-18 08:00:00+03:00,53.349998474121094,53.54999923706055,52.20000076293945,52.400001525878906,18206695,AKBNK
2024-10-18 12:00:00+03:00,52.349998474121094,52.400001525878906,51.29999923706055,51.54999923706055,25094968,AKBNK
2024-10-18 16:00:00+03:00,51.5,51.54999923706055,49.91999816894531,50.099998474121094,26944378,AKBNK
2024-10-21 08:00:00+03:00,50.29999923706055,50.45000076293945,49.2599983215332,50.04999923706055,15031337,AKBNK
2024-10-21 12:00:00+03:00,50.04999923706055,50.54999923706055,49.31999969482422,49.52000045776367,21594323,AKBNK
2024-10-21 16:00:00+03:00,49.5,49.540000915527344,48.34000015258789,48.459999084472656,24408619,AKBNK
2024-10-22 08:00:00+03:00,48.540000915527344,49.560001373291016,48.220001220703125,49.34000015258789,24032871,AKBNK
2024-10-22 12:00:00+03:00,49.34000015258789,50.599998474121094,48.52000045776367,50.04999923706055,46159664,AKBNK
2024-10-22 16:00:00+03:00,50.04999923706055,50.349998474121094,49.599998474121094,50.099998474121094,17595012,AKBNK
2024-10-23 08:00:00+03:00,49.939998626708984,50.04999923706055,48.79999923706055,48.900001525878906,13046389,AKBNK
2024-10-23 12:00:00+03:00,48.900001525878906,50.0,48.65999984741211,48.97999954223633,44801640,AKBNK
2024-10-23 16:00:00+03:00,49.0,49.63999938964844,48.959999084472656,49.119998931884766,19738502,AKBNK
2024-10-24 08:00:00+03:00,49.380001068115234,50.5,49.380001068115234,49.939998626708984,12362819,AKBNK
2024-10-24 12:00:00+03:00,49.939998626708984,50.400001525878906,49.52000045776367,49.599998474121094,13630675,AKBNK
2024-10-24 16:00:00+03:00,49.599998474121094,49.79999923706055,49.31999969482422,49.70000076293945,12520775,AKBNK
2024-10-25 08:00:00+03:00,49.119998931884766,50.45000076293945,48.900001525878906,50.45000076293945,25705080,AKBNK
2024-10-25 12:00:00+03:00,50.45000076293945,50.5,49.560001373291016,49.79999923706055,21075585,AKBNK
2024-10-25 16:00:00+03:00,49.79999923706055,50.45000076293945,49.619998931884766,50.150001525878906,17582231,AKBNK
2024-10-28 08:00:00+03:00,50.04999923706055,50.349998474121094,49.81999969482422,49.939998626708984,15349957,AKBNK
2024-10-28 12:00:00+03:00,49.959999084472656,49.959999084472656,49.959999084472656,49.959999084472656,1062651,AKBNK
2024-10-30 08:00:00+03:00,50.04999923706055,50.849998474121094,49.720001220703125,50.349998474121094,29389042,AKBNK
2024-10-30 12:00:00+03:00,50.349998474121094,51.29999923706055,50.29999923706055,50.900001525878906,21729460,AKBNK
2024-10-30 16:00:00+03:00,50.95000076293945,51.25,50.900001525878906,51.04999923706055,6032305,AKBNK
2024-10-31 08:00:00+03:00,51.04999923706055,51.5,50.849998474121094,51.29999923706055,21690871,AKBNK
2024-10-31 12:00:00+03:00,51.29999923706055,51.45000076293945,50.849998474121094,51.25,22153001,AKBNK
2024-10-31 16:00:00+03:00,51.25,51.29999923706055,51.04999923706055,51.099998474121094,9841799,AKBNK
2024-11-01 08:00:00+03:00,50.849998474121094,51.95000076293945,49.86000061035156,49.939998626708984,37328698,AKBNK
2024-11-01 12:00:00+03:00,49.939998626708984,50.45000076293945,49.65999984741211,50.25,29480578,AKBNK
2024-11-01 16:00:00+03:00,50.25,50.349998474121094,49.400001525878906,49.68000030517578,12085789,AKBNK
2024-11-04 08:00:00+03:00,49.70000076293945,49.779998779296875,48.599998474121094,48.65999984741211,25453221,AKBNK
2024-11-04 12:00:00+03:00,48.65999984741211,48.79999923706055,47.2400016784668,47.31999969482422,38904840,AKBNK
2024-11-04 16:00:00+03:00,47.31999969482422,47.63999938964844,46.68000030517578,46.91999816894531,27278581,AKBNK
2024-11-05 08:00:00+03:00,47.29999923706055,47.459999084472656,46.20000076293945,47.08000183105469,30492600,AKBNK
2024-11-05 12:00:00+03:00,47.08000183105469,47.119998931884766,46.2400016784668,46.34000015258789,16782614,AKBNK
2024-11-05 16:00:00+03:00,46.31999969482422,46.58000183105469,46.119998931884766,46.52000045776367,8879477,AKBNK
2024-11-06 08:00:00+03:00,46.540000915527344,47.5,46.2400016784668,47.34000015258789,43242065,AKBNK
2024-11-06 12:00:00+03:00,47.34000015258789,47.97999954223633,47.02000045776367,47.7400016784668,40210424,AKBNK
2024-11-06 16:00:00+03:00,47.720001220703125,47.880001068115234,47.52000045776367,47.68000030517578,8491146,AKBNK
2024-11-07 08:00:00+03:00,47.540000915527344,48.47999954223633,47.439998626708984,48.0,38282748,AKBNK
2024-11-07 12:00:00+03:00,48.0,48.13999938964844,47.619998931884766,47.81999969482422,18440203,AKBNK
2024-11-07 16:00:00+03:00,47.81999969482422,48.36000061035156,47.58000183105469,48.34000015258789,11609049,AKBNK
2024-11-08 08:00:00+03:00,48.400001525878906,50.650001525878906,48.040000915527344,50.5,60223398,AKBNK
2024-11-08 12:00:00+03:00,50.54999923706055,52.04999923706055,50.04999923706055,51.099998474121094,53853496,AKBNK
2024-11-08 16:00:00+03:00,51.099998474121094,51.29999923706055,50.54999923706055,51.099998474121094,10641267,AKBNK
2024-11-11 08:00:00+03:00,51.400001525878906,52.650001525878906,51.099998474121094,52.29999923706055,46254470,AKBNK
2024-11-11 12:00:00+03:00,52.29999923706055,53.150001525878906,52.04999923706055,52.849998474121094,41523567,AKBNK
2024-11-11 16:00:00+03:00,52.79999923706055,53.29999923706055,52.400001525878906,52.400001525878906,13787072,AKBNK
2024-11-12 08:00:00+03:00,52.400001525878906,53.150001525878906,52.25,52.900001525878906,28269815,AKBNK
2024-11-12 12:00:00+03:00,52.900001525878906,53.29999923706055,52.349998474121094,53.0,23048033,AKBNK
2024-11-12 16:00:00+03:00,52.95000076293945,53.400001525878906,52.70000076293945,53.099998474121094,13437889,AKBNK
2024-11-13 08:00:00+03:00,52.54999923706055,52.650001525878906,51.79999923706055,52.0,20055049,AKBNK
2024-11-13 12:00:00+03:00,52.0,54.400001525878906,51.900001525878906,54.20000076293945,50527982,AKBNK
2024-11-13 16:00:00+03:00,54.20000076293945,55.400001525878906,54.20000076293945,54.5,25409036,AKBNK
2024-11-14 08:00:00+03:00,54.54999923706055,54.900001525878906,53.849998474121094,54.849998474121094,29453837,AKBNK
2024-11-14 12:00:00+03:00,54.849998474121094,55.25,54.29999923706055,55.0,30584319,AKBNK
2024-11-14 16:00:00+03:00,55.0,55.400001525878906,54.650001525878906,54.900001525878906,13426823,AKBNK
2024-11-15 08:00:00+03:00,55.45000076293945,56.29999923706055,55.04999923706055,55.70000076293945,39691721,AKBNK
2024-11-15 12:00:00+03:00,55.650001525878906,55.900001525878906,55.099998474121094,55.20000076293945,15786564,AKBNK
2024-11-15 16:00:00+03:00,55.20000076293945,55.5,54.79999923706055,55.150001525878906,6331701,AKBNK
2024-11-18 08:00:00+03:00,55.04999923706055,55.54999923706055,54.349998474121094,54.900001525878906,28573170,AKBNK
2024-11-18 12:00:00+03:00,54.95000076293945,55.20000076293945,54.599998474121094,55.0,15173388,AKBNK
2024-11-18 16:00:00+03:00,55.04999923706055,55.650001525878906,54.75,55.349998474121094,10081836,AKBNK
2024-11-19 08:00:00+03:00,55.25,55.349998474121094,54.099998474121094,54.150001525878906,24026951,AKBNK
2024-11-19 12:00:00+03:00,54.150001525878906,54.20000076293945,53.29999923706055,53.95000076293945,33065217,AKBNK
2024-11-19 16:00:00+03:00,53.900001525878906,54.04999923706055,53.25,53.75,11722522,AKBNK
2024-11-20 08:00:00+03:00,53.79999923706055,54.25,53.5,53.900001525878906,21387133,AKBNK
2024-11-20 12:00:00+03:00,53.849998474121094,54.25,53.54999923706055,53.900001525878906,28095722,AKBNK
2024-11-20 16:00:00+03:00,53.849998474121094,53.900001525878906,52.599998474121094,52.75,15712179,AKBNK
2024-11-21 08:00:00+03:00,52.599998474121094,53.25,52.5,53.04999923706055,24212942,AKBNK
2024-11-21 12:00:00+03:00,53.04999923706055,55.70000076293945,52.95000076293945,55.20000076293945,72908571,AKBNK
2024-11-21 16:00:00+03:00,55.20000076293945,56.79999923706055,55.099998474121094,56.75,26139932,AKBNK
2024-11-22 08:00:00+03:00,56.900001525878906,60.79999923706055,56.70000076293945,59.95000076293945,77055510,AKBNK
2024-11-22 12:00:00+03:00,59.900001525878906,60.400001525878906,59.25,60.099998474121094,35257298,AKBNK
2024-11-22 16:00:00+03:00,60.099998474121094,60.75,60.04999923706055,60.45000076293945,16397707,AKBNK
2024-11-25 08:00:00+03:00,61.25,62.349998474121094,59.599998474121094,60.099998474121094,40094131,AKBNK
2024-11-25 12:00:00+03:00,60.099998474121094,60.849998474121094,59.900001525878906,60.099998474121094,27482098,AKBNK
2024-11-25 16:00:00+03:00,60.150001525878906,60.29999923706055,59.79999923706055,59.849998474121094,6953546,AKBNK
2024-11-26 08:00:00+03:00,59.650001525878906,60.29999923706055,59.0,59.70000076293945,41467625,AKBNK
2024-11-26 12:00:00+03:00,59.70000076293945,59.95000076293945,58.75,59.25,23835228,AKBNK
2024-11-26 16:00:00+03:00,59.25,59.349998474121094,59.0,59.150001525878906,5803726,AKBNK
2024-11-27 08:00:00+03:00,60.150001525878906,60.5,58.70000076293945,59.150001525878906,33966118,AKBNK
2024-11-27 12:00:00+03:00,59.20000076293945,60.04999923706055,59.099998474121094,59.79999923706055,26837431,AKBNK
2024-11-27 16:00:00+03:00,59.849998474121094,60.29999923706055,59.599998474121094,59.79999923706055,14365463,AKBNK
2024-11-28 08:00:00+03:00,59.5,60.20000076293945,59.25,59.5,14904470,AKBNK
2024-11-28 12:00:00+03:00,59.5,60.45000076293945,59.349998474121094,60.150001525878906,31844331,AKBNK
2024-11-28 16:00:00+03:00,60.150001525878906,60.400001525878906,59.650001525878906,59.650001525878906,7325883,AKBNK
2024-11-29 08:00:00+03:00,59.79999923706055,60.25,59.400001525878906,59.650001525878906,17068473,AKBNK
2024-11-29 12:00:00+03:00,59.650001525878906,61.349998474121094,59.54999923706055,61.04999923706055,48249626,AKBNK
2024-11-29 16:00:00+03:00,61.04999923706055,61.599998474121094,60.099998474121094,60.20000076293945,16634227,AKBNK
2024-12-02 08:00:00+03:00,60.54999923706055,60.54999923706055,59.650001525878906,60.25,18620381,AKBNK
2024-12-02 12:00:00+03:00,60.20000076293945,61.04999923706055,59.900001525878906,60.04999923706055,22230184,AKBNK
2024-12-02 16:00:00+03:00,60.0,60.900001525878906,59.95000076293945,60.650001525878906,7656672,AKBNK
2024-12-03 08:00:00+03:00,61.5,64.44999694824219,60.20000076293945,63.70000076293945,59034113,AKBNK
2024-12-03 12:00:00+03:00,63.70000076293945,63.79999923706055,63.0,63.650001525878906,25678046,AKBNK
2024-12-03 16:00:00+03:00,63.650001525878906,63.849998474121094,63.29999923706055,63.5,6139803,AKBNK
2024-12-04 08:00:00+03:00,63.599998474121094,63.900001525878906,62.900001525878906,63.0,19556997,AKBNK
2024-12-04 12:00:00+03:00,63.04999923706055,63.20000076293945,62.150001525878906,62.29999923706055,22401605,AKBNK
2024-12-04 16:00:00+03:00,62.25,63.150001525878906,62.25,62.900001525878906,13376751,AKBNK
2024-12-05 08:00:00+03:00,62.900001525878906,63.650001525878906,62.849998474121094,63.150001525878906,24283719,AKBNK
2024-12-05 12:00:00+03:00,63.20000076293945,63.79999923706055,62.54999923706055,63.20000076293945,23670058,AKBNK
2024-12-05 16:00:00+03:00,63.20000076293945,63.75,63.04999923706055,63.54999923706055,9758838,AKBNK
2024-12-06 08:00:00+03:00,65.69999694824219,66.05000305175781,64.69999694824219,65.69999694824219,60185300,AKBNK
2024-12-06 12:00:00+03:00,65.69999694824219,65.8499984741211,65.0999984741211,65.44999694824219,36348514,AKBNK
2024-12-06 16:00:00+03:00,65.44999694824219,65.6500015258789,65.0999984741211,65.30000305175781,9982274,AKBNK
2024-12-09 08:00:00+03:00,65.5,65.69999694824219,64.5,64.75,22316379,AKBNK
2024-12-09 12:00:00+03:00,64.75,66.5,64.69999694824219,66.1500015258789,40781126,AKBNK
2024-12-09 16:00:00+03:00,66.19999694824219,66.30000305175781,65.80000305175781,66.1500015258789,8261505,AKBNK
2024-12-10 08:00:00+03:00,66.3499984741211,66.69999694824219,65.75,66.19999694824219,19937148,AKBNK
2024-12-10 12:00:00+03:00,66.1500015258789,66.1500015258789,65.0999984741211,65.25,17848797,AKBNK
2024-12-10 16:00:00+03:00,65.25,65.69999694824219,65.1500015258789,65.30000305175781,6009551,AKBNK
2024-12-11 08:00:00+03:00,65.25,65.5999984741211,63.25,63.349998474121094,18015910,AKBNK
2024-12-11 12:00:00+03:00,63.349998474121094,63.70000076293945,62.20000076293945,63.5,47783610,AKBNK
2024-12-11 16:00:00+03:00,63.45000076293945,63.849998474121094,62.95000076293945,63.45000076293945,11739895,AKBNK
2024-12-12 08:00:00+03:00,63.849998474121094,64.4000015258789,63.25,64.0999984741211,32259266,AKBNK
2024-12-12 12:00:00+03:00,64.05000305175781,64.5999984741211,63.79999923706055,64.44999694824219,26835760,AKBNK
2024-12-12 16:00:00+03:00,64.5,64.6500015258789,63.900001525878906,64.0999984741211,13585252,AKBNK
2024-12-13 08:00:00+03:00,63.349998474121094,63.900001525878906,63.099998474121094,63.5,18140241,AKBNK
2024-12-13 12:00:00+03:00,63.54999923706055,63.599998474121094,62.79999923706055,62.900001525878906,23810706,AKBNK
2024-12-13 16:00:00+03:00,62.95000076293945,63.29999923706055,62.79999923706055,63.150001525878906,5945951,AKBNK
2024-12-16 08:00:00+03:00,63.75,64.1500015258789,63.150001525878906,63.5,19443621,AKBNK
2024-12-16 12:00:00+03:00,63.5,63.5,63.0,63.04999923706055,12544702,AKBNK
2024-12-16 16:00:00+03:00,63.04999923706055,63.150001525878906,62.70000076293945,62.900001525878906,5213351,AKBNK
2024-12-17 08:00:00+03:00,62.79999923706055,63.400001525878906,61.79999923706055,61.95000076293945,21104060,AKBNK
2024-12-17 12:00:00+03:00,61.900001525878906,62.400001525878906,61.599998474121094,62.20000076293945,18369083,AKBNK
2024-12-17 16:00:00+03:00,62.20000076293945,63.349998474121094,62.20000076293945,63.0,21278265,AKBNK
2024-12-18 08:00:00+03:00,62.650001525878906,63.150001525878906,62.54999923706055,62.75,15928350,AKBNK
2024-12-18 12:00:00+03:00,62.75,64.30000305175781,62.650001525878906,63.95000076293945,28713535,AKBNK
2024-12-18 16:00:00+03:00,63.900001525878906,64.0999984741211,63.29999923706055,63.400001525878906,8677242,AKBNK
2024-12-19 08:00:00+03:00,62.349998474121094,62.54999923706055,61.79999923706055,62.349998474121094,17383337,AKBNK
2024-12-19 12:00:00+03:00,62.349998474121094,62.5,62.04999923706055,62.20000076293945,10818884,AKBNK
2024-12-19 16:00:00+03:00,62.20000076293945,62.25,61.29999923706055,61.5,9868416,AKBNK
2024-12-20 08:00:00+03:00,61.75,61.75,60.599998474121094,61.04999923706055,18803350,AKBNK
2024-12-20 12:00:00+03:00,61.04999923706055,61.29999923706055,60.79999923706055,60.900001525878906,11732804,AKBNK
2024-12-20 16:00:00+03:00,60.900001525878906,61.29999923706055,60.29999923706055,60.849998474121094,8838515,AKBNK
2024-12-23 08:00:00+03:00,61.04999923706055,61.599998474121094,60.5,60.650001525878906,22066466,AKBNK
2024-12-23 12:00:00+03:00,60.70000076293945,61.04999923706055,59.75,59.79999923706055,15218279,AKBNK
2024-12-23 16:00:00+03:00,59.75,59.849998474121094,59.0,59.5,8048329,AKBNK
2024-12-24 08:00:00+03:00,59.20000076293945,59.79999923706055,58.95000076293945,59.45000076293945,15191904,AKBNK
2024-12-24 12:00:00+03:00,59.5,59.70000076293945,59.20000076293945,59.54999923706055,12644459,AKBNK
2024-12-24 16:00:00+03:00,59.599998474121094,59.79999923706055,59.29999923706055,59.599998474121094,5633435,AKBNK
2024-12-25 08:00:00+03:00,62.79999923706055,63.45000076293945,62.400001525878906,63.04999923706055,23543670,AKBNK
2024-12-25 12:00:00+03:00,63.04999923706055,64.3499984741211,62.849998474121094,63.54999923706055,25351267,AKBNK
2024-12-25 16:00:00+03:00,63.599998474121094,64.05000305175781,63.5,63.900001525878906,3612814,AKBNK
2024-12-26 08:00:00+03:00,65.5999984741211,67.6500015258789,65.5999984741211,66.25,50726613,AKBNK
2024-12-26 12:00:00+03:00,66.25,67.0,65.0999984741211,65.55000305175781,46012954,AKBNK
2024-12-26 16:00:00+03:00,65.55000305175781,65.80000305175781,65.0,65.5,9913710,AKBNK
2024-12-27 08:00:00+03:00,65.6500015258789,66.0,64.9000015258789,65.55000305175781,20540157,AKBNK
2024-12-27 12:00:00+03:00,65.5,66.1500015258789,65.4000015258789,65.94999694824219,21031699,AKBNK
2024-12-27 16:00:00+03:00,65.94999694824219,66.30000305175781,65.80000305175781,66.05000305175781,10315774,AKBNK
2024-12-30 08:00:00+03:00,66.25,66.8499984741211,66.1500015258789,66.55000305175781,13142276,AKBNK
2024-12-30 12:00:00+03:00,66.5999984741211,66.5999984741211,65.75,66.0,10477406,AKBNK
2024-12-30 16:00:00+03:00,66.05000305175781,66.3499984741211,65.94999694824219,66.19999694824219,4843597,AKBNK
2024-12-31 08:00:00+03:00,65.69999694824219,66.94999694824219,65.5,66.4000015258789,20814125,AKBNK
2024-12-31 12:00:00+03:00,66.4000015258789,66.8499984741211,65.80000305175781,66.5,19632976,AKBNK
2024-12-31 16:00:00+03:00,66.5,66.5999984741211,66.0,66.3499984741211,5780528,AKBNK
2025-01-02 08:00:00+03:00,65.44999694824219,67.0999984741211,64.55000305175781,65.4000015258789,46337009,AKBNK
2025-01-02 12:00:00+03:00,65.3499984741211,66.4000015258789,65.19999694824219,66.0999984741211,44219499,AKBNK
2025-01-02 16:00:00+03:00,66.1500015258789,66.75,65.80000305175781,65.94999694824219,15376346,AKBNK
2025-01-03 08:00:00+03:00,66.3499984741211,67.1500015258789,65.44999694824219,65.8499984741211,41616430,AKBNK
2025-01-03 12:00:00+03:00,65.8499984741211,66.80000305175781,65.5,66.6500015258789,34727294,AKBNK
2025-01-03 16:00:00+03:00,66.6500015258789,66.80000305175781,66.44999694824219,66.5999984741211,8233440,AKBNK
2025-01-06 08:00:00+03:00,66.3499984741211,66.9000015258789,66.0999984741211,66.3499984741211,23620762,AKBNK
2025-01-06 12:00:00+03:00,66.3499984741211,67.19999694824219,66.1500015258789,67.1500015258789,26757446,AKBNK
2025-01-06 16:00:00+03:00,67.1500015258789,67.25,66.69999694824219,66.75,14666029,AKBNK
2025-01-07 08:00:00+03:00,66.75,67.05000305175781,66.0999984741211,66.19999694824219,34105397,AKBNK
2025-01-07 12:00:00+03:00,66.19999694824219,66.5999984741211,66.05000305175781,66.44999694824219,23454775,AKBNK
2025-01-07 16:00:00+03:00,66.44999694824219,66.5,65.1500015258789,65.3499984741211,14411686,AKBNK
2025-01-08 08:00:00+03:00,64.80000305175781,65.05000305175781,63.400001525878906,63.650001525878906,32466178,AKBNK
2025-01-08 12:00:00+03:00,63.650001525878906,64.4000015258789,63.25,64.19999694824219,41336391,AKBNK
2025-01-08 16:00:00+03:00,64.19999694824219,64.4000015258789,63.599998474121094,64.19999694824219,11873867,AKBNK
2025-01-09 08:00:00+03:00,64.05000305175781,64.4000015258789,63.349998474121094,63.95000076293945,23218529,AKBNK
2025-01-09 12:00:00+03:00,63.900001525878906,64.80000305175781,63.70000076293945,64.6500015258789,32797276,AKBNK
2025-01-09 16:00:00+03:00,64.69999694824219,65.6500015258789,64.3499984741211,65.44999694824219,17940633,AKBNK
2025-01-10 08:00:00+03:00,65.94999694824219,66.1500015258789,65.55000305175781,65.6500015258789,17226337,AKBNK
2025-01-10 12:00:00+03:00,65.6500015258789,65.75,65.30000305175781,65.6500015258789,16208648,AKBNK
2025-01-10 16:00:00+03:00,65.5999984741211,65.5999984741211,64.0999984741211,64.4000015258789,19091680,AKBNK
2025-01-13 08:00:00+03:00,64.3499984741211,65.80000305175781,63.95000076293945,64.44999694824219,57137106,AKBNK
2025-01-13 12:00:00+03:00,64.44999694824219,64.6500015258789,63.45000076293945,64.0,40847604,AKBNK
2025-01-13 16:00:00+03:00,63.95000076293945,64.1500015258789,62.70000076293945,63.099998474121094,18578185,AKBNK
2025-01-14 08:00:00+03:00,63.29999923706055,64.80000305175781,63.29999923706055,64.0,52654973,AKBNK
2025-01-14 12:00:00+03:00,64.05000305175781,64.44999694824219,62.45000076293945,62.70000076293945,40675258,AKBNK
2025-01-14 16:00:00+03:00,62.70000076293945,63.650001525878906,62.5,63.29999923706055,22078122,AKBNK
2025-01-15 08:00:00+03:00,63.099998474121094,63.349998474121094,62.599998474121094,63.0,23377691,AKBNK
2025-01-15 12:00:00+03:00,63.04999923706055,63.849998474121094,62.95000076293945,63.79999923706055,25371200,AKBNK
2025-01-15 16:00:00+03:00,63.79999923706055,64.30000305175781,62.650001525878906,63.0,20563133,AKBNK
2025-01-16 08:00:00+03:00,64.4000015258789,64.5999984741211,63.150001525878906,63.20000076293945,39541921,AKBNK
2025-01-16 12:00:00+03:00,63.25,63.45000076293945,62.70000076293945,63.0,23301447,AKBNK
2025-01-16 16:00:00+03:00,63.0,63.70000076293945,62.54999923706055,63.599998474121094,21144678,AKBNK
2025-01-17 08:00:00+03:00,64.30000305175781,65.0999984741211,64.05000305175781,65.05000305175781,30533692,AKBNK
2025-01-17 12:00:00+03:00,65.0,65.75,64.80000305175781,65.69999694824219,31854877,AKBNK
2025-01-17 16:00:00+03:00,65.75,66.3499984741211,65.6500015258789,65.9000015258789,18383875,AKBNK
2025-01-20 08:00:00+03:00,66.8499984741211,67.05000305175781,66.1500015258789,66.19999694824219,19819613,AKBNK
2025-01-20 12:00:00+03:00,66.1500015258789,66.3499984741211,65.25,66.3499984741211,26662181,AKBNK
2025-01-20 16:00:00+03:00,66.3499984741211,66.80000305175781,66.0999984741211,66.6500015258789,12590977,AKBNK
2025-01-21 08:00:00+03:00,67.0,68.94999694824219,66.9000015258789,68.6500015258789,58640259,AKBNK
2025-01-21 12:00:00+03:00,68.5999984741211,68.80000305175781,67.94999694824219,68.6500015258789,32725298,AKBNK
2025-01-21 16:00:00+03:00,68.5999984741211,68.9000015258789,67.94999694824219,68.19999694824219,16349753,AKBNK
2025-01-22 08:00:00+03:00,68.5999984741211,69.0999984741211,68.3499984741211,69.0999984741211,36705286,AKBNK
2025-01-22 12:00:00+03:00,69.0999984741211,69.30000305175781,68.5999984741211,69.25,37282546,AKBNK
2025-01-22 16:00:00+03:00,69.25,69.44999694824219,68.94999694824219,69.4000015258789,13699726,AKBNK
2025-01-23 08:00:00+03:00,69.8499984741211,69.9000015258789,68.5,68.8499984741211,30216585,AKBNK
2025-01-23 12:00:00+03:00,68.8499984741211,69.0,67.9000015258789,68.1500015258789,45332524,AKBNK
2025-01-23 16:00:00+03:00,68.1500015258789,68.8499984741211,68.1500015258789,68.30000305175781,11886984,AKBNK
2025-01-24 08:00:00+03:00,68.19999694824219,68.30000305175781,66.8499984741211,67.1500015258789,24311688,AKBNK
2025-01-24 12:00:00+03:00,67.1500015258789,67.3499984741211,66.55000305175781,66.69999694824219,22384800,AKBNK
2025-01-24 16:00:00+03:00,66.69999694824219,67.0,66.44999694824219,66.75,12002731,AKBNK
2025-01-27 08:00:00+03:00,65.4000015258789,66.6500015258789,64.94999694824219,66.1500015258789,36815357,AKBNK
2025-01-27 12:00:00+03:00,66.1500015258789,66.4000015258789,65.69999694824219,65.8499984741211,19883559,AKBNK
2025-01-27 16:00:00+03:00,65.9000015258789,65.9000015258789,65.5,65.5999984741211,6622672,AKBNK
2025-01-28 08:00:00+03:00,66.69999694824219,67.05000305175781,66.25,66.55000305175781,34510811,AKBNK
2025-01-28 12:00:00+03:00,66.5,66.94999694824219,66.4000015258789,66.55000305175781,30574991,AKBNK
2025-01-28 16:00:00+03:00,66.55000305175781,67.0,66.44999694824219,66.94999694824219,13451513,AKBNK
2025-01-29 08:00:00+03:00,67.4000015258789,67.5999984741211,66.4000015258789,66.5999984741211,27092592,AKBNK
2025-01-29 12:00:00+03:00,66.5999984741211,66.6500015258789,65.9000015258789,66.1500015258789,23318349,AKBNK
2025-01-29 16:00:00+03:00,66.19999694824219,66.69999694824219,66.1500015258789,66.44999694824219,15233917,AKBNK
2025-01-30 08:00:00+03:00,66.19999694824219,66.55000305175781,65.44999694824219,65.69999694824219,23304985,AKBNK
2025-01-30 12:00:00+03:00,65.69999694824219,66.30000305175781,65.4000015258789,66.19999694824219,24223147,AKBNK
2025-01-30 16:00:00+03:00,66.1500015258789,66.25,65.5999984741211,65.75,6618717,AKBNK
2025-01-31 08:00:00+03:00,65.94999694824219,66.9000015258789,65.8499984741211,66.55000305175781,40991617,AKBNK
2025-01-31 12:00:00+03:00,66.55000305175781,66.55000305175781,65.0,65.44999694824219,35890301,AKBNK
2025-01-31 16:00:00+03:00,65.44999694824219,65.9000015258789,65.30000305175781,65.5999984741211,10741268,AKBNK
2025-02-03 08:00:00+03:00,64.05000305175781,64.25,61.599998474121094,63.650001525878906,65711848,AKBNK
2025-02-03 12:00:00+03:00,63.599998474121094,64.5999984741211,63.5,64.30000305175781,31193179,AKBNK
2025-02-03 16:00:00+03:00,64.30000305175781,64.5,63.5,64.3499984741211,13574985,AKBNK
2025-02-04 08:00:00+03:00,64.25,65.4000015258789,63.599998474121094,65.25,40340211,AKBNK
2025-02-04 12:00:00+03:00,65.30000305175781,66.5999984741211,65.25,66.5,37059765,AKBNK
2025-02-04 16:00:00+03:00,66.5,66.75,66.3499984741211,66.44999694824219,12079759,AKBNK
2025-02-05 08:00:00+03:00,65.80000305175781,66.0999984741211,65.30000305175781,65.9000015258789,24419093,AKBNK
2025-02-05 12:00:00+03:00,65.9000015258789,66.19999694824219,64.44999694824219,64.55000305175781,28780635,AKBNK
2025-02-05 16:00:00+03:00,64.55000305175781,64.75,63.849998474121094,64.05000305175781,17502090,AKBNK
2025-02-06 08:00:00+03:00,65.5999984741211,65.80000305175781,63.45000076293945,64.19999694824219,64816138,AKBNK
2025-02-06 12:00:00+03:00,64.19999694824219,64.55000305175781,63.79999923706055,63.95000076293945,29742272,AKBNK
2025-02-06 16:00:00+03:00,63.900001525878906,64.30000305175781,63.900001525878906,64.0999984741211,12323476,AKBNK
2025-02-07 08:00:00+03:00,64.30000305175781,64.4000015258789,62.20000076293945,62.54999923706055,81519700,AKBNK
2025-02-07 12:00:00+03:00,62.54999923706055,63.20000076293945,62.5,62.849998474121094,38132086,AKBNK
2025-02-07 16:00:00+03:00,62.849998474121094,63.70000076293945,62.849998474121094,63.349998474121094,31014609,AKBNK
2025-02-10 08:00:00+03:00,63.54999923706055,63.79999923706055,62.849998474121094,62.849998474121094,36821882,AKBNK
2025-02-10 12:00:00+03:00,62.900001525878906,63.25,62.75,63.04999923706055,25746485,AKBNK
2025-02-10 16:00:00+03:00,63.04999923706055,63.29999923706055,62.849998474121094,63.150001525878906,11566975,AKBNK
2025-02-11 08:00:00+03:00,62.75,63.650001525878906,62.599998474121094,63.5,45564073,AKBNK
2025-02-11 12:00:00+03:00,63.45000076293945,63.650001525878906,63.20000076293945,63.45000076293945,21890294,AKBNK
2025-02-11 16:00:00+03:00,63.45000076293945,63.45000076293945,62.95000076293945,63.150001525878906,10066488,AKBNK
2025-02-12 08:00:00+03:00,63.29999923706055,63.75,63.04999923706055,63.25,39201855,AKBNK
2025-02-12 12:00:00+03:00,63.20000076293945,63.349998474121094,62.5,63.0,39885320,AKBNK
2025-02-12 16:00:00+03:00,62.95000076293945,63.20000076293945,62.5,63.099998474121094,15624491,AKBNK
2025-02-13 08:00:00+03:00,63.45000076293945,64.5,62.79999923706055,64.3499984741211,66594236,AKBNK
2025-02-13 12:00:00+03:00,64.3499984741211,64.4000015258789,63.70000076293945,63.849998474121094,26340665,AKBNK
2025-02-13 16:00:00+03:00,63.849998474121094,64.19999694824219,63.70000076293945,63.95000076293945,8317273,AKBNK
2025-02-14 08:00:00+03:00,64.3499984741211,64.55000305175781,63.70000076293945,64.4000015258789,27115257,AKBNK
2025-02-14 12:00:00+03:00,64.4000015258789,65.3499984741211,64.4000015258789,65.25,54968518,AKBNK
2025-02-14 16:00:00+03:00,65.25,65.30000305175781,64.80000305175781,65.0,11602916,AKBNK
2025-02-17 08:00:00+03:00,64.9000015258789,65.0999984741211,63.95000076293945,64.80000305175781,38474677,AKBNK
2025-02-17 12:00:00+03:00,64.80000305175781,65.05000305175781,64.4000015258789,64.80000305175781,16597337,AKBNK
2025-02-17 16:00:00+03:00,64.8499984741211,64.9000015258789,64.3499984741211,64.44999694824219,6428782,AKBNK
2025-02-18 08:00:00+03:00,64.55000305175781,65.19999694824219,64.55000305175781,64.8499984741211,25071282,AKBNK
2025-02-18 12:00:00+03:00,64.8499984741211,64.94999694824219,64.0,64.5,21310694,AKBNK
2025-02-18 16:00:00+03:00,64.55000305175781,65.6500015258789,64.5,65.3499984741211,20915562,AKBNK
2025-02-19 08:00:00+03:00,65.1500015258789,65.8499984741211,64.75,65.55000305175781,28927073,AKBNK
2025-02-19 12:00:00+03:00,65.5999984741211,65.75,64.94999694824219,65.0999984741211,25194591,AKBNK
2025-02-19 16:00:00+03:00,65.05000305175781,65.05000305175781,64.0999984741211,64.3499984741211,22229594,AKBNK
2025-02-20 08:00:00+03:00,64.5999984741211,65.80000305175781,64.5,65.5999984741211,39414724,AKBNK
2025-02-20 12:00:00+03:00,65.75,66.05000305175781,65.3499984741211,65.6500015258789,29043402,AKBNK
2025-02-20 16:00:00+03:00,65.6500015258789,66.05000305175781,65.55000305175781,65.94999694824219,7279408,AKBNK
2025-02-21 08:00:00+03:00,65.6500015258789,66.0,64.94999694824219,65.80000305175781,27085522,AKBNK
2025-02-21 12:00:00+03:00,65.75,66.4000015258789,65.1500015258789,65.3499984741211,35869037,AKBNK
2025-02-21 16:00:00+03:00,65.3499984741211,65.5999984741211,64.55000305175781,64.5999984741211,16602891,AKBNK
2025-02-24 08:00:00+03:00,65.6500015258789,65.94999694824219,64.75,64.94999694824219,27474417,AKBNK
2025-02-24 12:00:00+03:00,65.0,65.25,64.30000305175781,65.05000305175781,15965711,AKBNK
2025-02-24 16:00:00+03:00,65.05000305175781,65.44999694824219,64.8499984741211,65.1500015258789,7895094,AKBNK
2025-02-25 08:00:00+03:00,64.9000015258789,65.5,64.44999694824219,65.1500015258789,35379630,AKBNK
2025-02-25 12:00:00+03:00,65.1500015258789,66.3499984741211,65.05000305175781,66.30000305175781,42662073,AKBNK
2025-02-25 16:00:00+03:00,66.25,66.3499984741211,65.55000305175781,66.30000305175781,9869157,AKBNK
2025-02-26 08:00:00+03:00,66.19999694824219,66.55000305175781,65.4000015258789,66.44999694824219,22561341,AKBNK
2025-02-26 12:00:00+03:00,66.5,66.9000015258789,66.0,66.9000015258789,25938359,AKBNK
2025-02-26 16:00:00+03:00,66.9000015258789,67.69999694824219,66.8499984741211,67.55000305175781,17403667,AKBNK
2025-02-27 08:00:00+03:00,67.19999694824219,67.8499984741211,67.05000305175781,67.44999694824219,20240961,AKBNK
2025-02-27 12:00:00+03:00,67.44999694824219,68.69999694824219,67.30000305175781,68.4000015258789,27111200,AKBNK
2025-02-27 16:00:00+03:00,68.4000015258789,68.4000015258789,67.75,67.8499984741211,8410001,AKBNK
2025-02-28 08:00:00+03:00,67.55000305175781,68.69999694824219,67.3499984741211,67.94999694824219,21611983,AKBNK
2025-02-28 12:00:00+03:00,67.94999694824219,68.05000305175781,66.94999694824219,67.19999694824219,17856080,AKBNK
2025-02-28 16:00:00+03:00,67.25,68.0999984741211,67.1500015258789,67.75,12141268,AKBNK
2025-03-03 08:00:00+03:00,68.25,72.3499984741211,68.19999694824219,72.3499984741211,75007912,AKBNK
2025-03-03 12:00:00+03:00,72.3499984741211,74.0,72.05000305175781,73.9000015258789,67377331,AKBNK
2025-03-03 16:00:00+03:00,73.9000015258789,74.0,73.9000015258789,74.0,23426791,AKBNK
2025-03-04 08:00:00+03:00,73.0,74.5,72.80000305175781,73.3499984741211,44505640,AKBNK
2025-03-04 12:00:00+03:00,73.3499984741211,73.4000015258789,72.0,72.05000305175781,27135617,AKBNK
2025-03-04 16:00:00+03:00,72.0,72.55000305175781,72.0,72.30000305175781,4826533,AKBNK
2025-03-05 08:00:00+03:00,73.19999694824219,74.5,71.75,71.9000015258789,39480554,AKBNK
2025-03-05 12:00:00+03:00,71.94999694824219,72.9000015258789,71.1500015258789,72.80000305175781,46675848,AKBNK
2025-03-05 16:00:00+03:00,72.80000305175781,73.6500015258789,72.80000305175781,73.30000305175781,22952040,AKBNK
2025-03-06 08:00:00+03:00,73.5999984741211,73.80000305175781,72.8499984741211,73.0999984741211,19278287,AKBNK
2025-03-06 12:00:00+03:00,73.1500015258789,73.5,71.75,72.1500015258789,38026946,AKBNK
2025-03-06 16:00:00+03:00,72.1500015258789,73.4000015258789,72.0,72.9000015258789,15888390,AKBNK
2025-03-07 08:00:00+03:00,73.3499984741211,74.5999984741211,72.8499984741211,73.75,40138047,AKBNK
2025-03-07 12:00:00+03:00,73.75,73.8499984741211,73.0999984741211,73.30000305175781,17325734,AKBNK
2025-03-07 16:00:00+03:00,73.25,73.80000305175781,73.19999694824219,73.4000015258789,11855514,AKBNK
2025-03-10 08:00:00+03:00,73.69999694824219,75.05000305175781,73.25,73.80000305175781,31060521,AKBNK
2025-03-10 12:00:00+03:00,73.75,74.69999694824219,73.69999694824219,74.44999694824219,16101316,AKBNK
2025-03-10 16:00:00+03:00,74.4000015258789,74.69999694824219,73.75,73.80000305175781,6117835,AKBNK
2025-03-11 08:00:00+03:00,74.05000305175781,74.0999984741211,72.5999984741211,73.0999984741211,25882013,AKBNK
2025-03-11 12:00:00+03:00,73.0999984741211,73.19999694824219,72.30000305175781,72.3499984741211,15337358,AKBNK
2025-03-11 16:00:00+03:00,72.3499984741211,72.80000305175781,71.69999694824219,71.69999694824219,14880833,AKBNK
2025-03-12 08:00:00+03:00,72.19999694824219,73.4000015258789,72.19999694824219,73.4000015258789,37864110,AKBNK
2025-03-12 12:00:00+03:00,73.4000015258789,74.1500015258789,73.25,73.8499984741211,45845048,AKBNK
2025-03-12 16:00:00+03:00,73.80000305175781,74.5,73.75,74.0999984741211,16438034,AKBNK
2025-03-13 08:00:00+03:00,73.80000305175781,74.4000015258789,73.5,74.0999984741211,22325966,AKBNK
2025-03-13 12:00:00+03:00,74.0999984741211,75.44999694824219,73.8499984741211,74.0999984741211,30142592,AKBNK
2025-03-13 16:00:00+03:00,74.1500015258789,74.8499984741211,73.94999694824219,74.55000305175781,5724951,AKBNK
2025-03-14 08:00:00+03:00,74.8499984741211,75.5999984741211,74.4000015258789,74.9000015258789,26604458,AKBNK
2025-03-14 12:00:00+03:00,74.8499984741211,75.19999694824219,74.55000305175781,74.80000305175781,22048051,AKBNK
2025-03-14 16:00:00+03:00,74.8499984741211,75.44999694824219,74.80000305175781,75.1500015258789,12803112,AKBNK
2025-03-17 08:00:00+03:00,75.0999984741211,76.19999694824219,74.9000015258789,75.25,31223866,AKBNK
2025-03-17 12:00:00+03:00,75.19999694824219,75.30000305175781,73.94999694824219,74.55000305175781,16445126,AKBNK
2025-03-17 16:00:00+03:00,74.55000305175781,75.4000015258789,74.44999694824219,75.0,12611112,AKBNK
2025-03-18 08:00:00+03:00,74.6500015258789,75.05000305175781,74.1500015258789,74.30000305175781,16084966,AKBNK
2025-03-18 12:00:00+03:00,74.30000305175781,74.4000015258789,73.1500015258789,73.19999694824219,21340290,AKBNK
2025-03-18 16:00:00+03:00,73.19999694824219,73.5,72.9000015258789,73.4000015258789,9722208,AKBNK
2025-03-19 08:00:00+03:00,68.0,68.94999694824219,65.94999694824219,65.94999694824219,94931770,AKBNK
2025-03-19 12:00:00+03:00,65.94999694824219,65.94999694824219,65.94999694824219,65.94999694824219,9019923,AKBNK
2025-03-19 16:00:00+03:00,65.94999694824219,65.94999694824219,65.94999694824219,65.94999694824219,1729006,AKBNK
2025-03-20 08:00:00+03:00,64.3499984741211,65.80000305175781,61.150001525878906,63.349998474121094,173502322,AKBNK
2025-03-20 12:00:00+03:00,63.349998474121094,63.5,59.400001525878906,59.400001525878906,118286806,AKBNK
2025-03-20 16:00:00+03:00,59.400001525878906,60.849998474121094,59.400001525878906,59.79999923706055,37742323,AKBNK
2025-03-21 08:00:00+03:00,59.04999923706055,59.349998474121094,53.75,53.75,103864804,AKBNK
2025-03-21 12:00:00+03:00,53.75,54.599998474121094,53.75,53.75,89092028,AKBNK
2025-03-21 16:00:00+03:00,53.75,53.849998474121094,53.75,53.75,19199861,AKBNK
2025-03-24 08:00:00+03:00,55.099998474121094,56.29999923706055,54.29999923706055,54.45000076293945,103135396,AKBNK
2025-03-24 12:00:00+03:00,54.400001525878906,54.650001525878906,50.599998474121094,52.79999923706055,143198793,AKBNK
2025-03-24 16:00:00+03:00,52.79999923706055,53.25,51.54999923706055,52.849998474121094,36429916,AKBNK
2025-03-25 08:00:00+03:00,56.0,56.25,53.95000076293945,55.79999923706055,113655555,AKBNK
2025-03-25 12:00:00+03:00,55.75,57.650001525878906,55.400001525878906,56.400001525878906,147473494,AKBNK
2025-03-25 16:00:00+03:00,56.400001525878906,57.04999923706055,55.95000076293945,56.75,26697194,AKBNK
2025-03-26 08:00:00+03:00,54.5,55.45000076293945,53.849998474121094,54.5,69696353,AKBNK
2025-03-26 12:00:00+03:00,54.5,54.5,52.650001525878906,53.29999923706055,54843278,AKBNK
2025-03-26 16:00:00+03:00,53.25,54.54999923706055,53.25,54.29999923706055,27123113,AKBNK
2025-03-27 08:00:00+03:00,54.599998474121094,54.900001525878906,52.650001525878906,52.849998474121094,65551345,AKBNK
2025-03-27 12:00:00+03:00,52.849998474121094,53.5,52.29999923706055,52.79999923706055,45263560,AKBNK
2025-03-27 16:00:00+03:00,52.79999923706055,53.099998474121094,52.79999923706055,52.900001525878906,6117053,AKBNK
2025-03-28 08:00:00+03:00,52.75,53.099998474121094,51.79999923706055,52.400001525878906,35478120,AKBNK
2025-03-28 12:00:00+03:00,52.400001525878906,52.54999923706055,51.099998474121094,52.20000076293945,63238604,AKBNK
2025-03-28 16:00:00+03:00,52.20000076293945,52.75,52.04999923706055,52.5,16944429,AKBNK
2025-04-02 08:00:00+03:00,52.0,53.25,51.400001525878906,52.900001525878906,34587392,AKBNK
2025-04-02 12:00:00+03:00,52.849998474121094,53.20000076293945,52.599998474121094,52.79999923706055,30265018,AKBNK
2025-04-02 16:00:00+03:00,52.79999923706055,53.45000076293945,52.75,53.04999923706055,29375651,AKBNK
2025-04-03 08:00:00+03:00,53.25,54.099998474121094,53.04999923706055,53.5,15255654,AKBNK
2025-04-03 12:00:00+03:00,53.5,53.54999923706055,52.54999923706055,52.650001525878906,20992978,AKBNK
2025-04-03 16:00:00+03:00,52.70000076293945,53.04999923706055,52.349998474121094,52.45000076293945,18638447,AKBNK
2025-04-04 08:00:00+03:00,52.54999923706055,52.70000076293945,52.04999923706055,52.400001525878906,21136314,AKBNK
2025-04-04 12:00:00+03:00,52.400001525878906,52.849998474121094,51.400001525878906,52.0,55576946,AKBNK
2025-04-04 16:00:00+03:00,52.04999923706055,52.25,51.79999923706055,52.04999923706055,18456986,AKBNK
2025-04-07 08:00:00+03:00,50.5,50.599998474121094,49.7400016784668,49.939998626708984,23091467,AKBNK
2025-04-07 12:00:00+03:00,49.959999084472656,51.400001525878906,49.900001525878906,51.04999923706055,47858814,AKBNK
2025-04-07 16:00:00+03:00,51.04999923706055,52.75,50.70000076293945,51.95000076293945,51324768,AKBNK
2025-04-08 08:00:00+03:00,53.20000076293945,53.20000076293945,51.900001525878906,51.900001525878906,16089882,AKBNK
2025-04-08 12:00:00+03:00,51.900001525878906,52.45000076293945,51.599998474121094,52.400001525878906,38688216,AKBNK
2025-04-08 16:00:00+03:00,52.400001525878906,52.599998474121094,51.95000076293945,52.0,31761372,AKBNK
2025-04-09 08:00:00+03:00,51.20000076293945,51.70000076293945,51.04999923706055,51.25,15249964,AKBNK
2025-04-09 12:00:00+03:00,51.20000076293945,51.29999923706055,49.7400016784668,50.0,59724599,AKBNK
2025-04-09 16:00:00+03:00,50.04999923706055,50.599998474121094,49.7599983215332,49.86000061035156,27144778,AKBNK
2025-04-10 08:00:00+03:00,52.0,52.25,50.75,50.900001525878906,28533797,AKBNK
2025-04-10 12:00:00+03:00,50.849998474121094,51.099998474121094,50.5,50.79999923706055,29960122,AKBNK
2025-04-10 16:00:00+03:00,50.79999923706055,50.849998474121094,49.70000076293945,49.7400016784668,29894769,AKBNK
2025-04-11 08:00:00+03:00,49.41999816894531,49.41999816894531,48.099998474121094,48.86000061035156,40302109,AKBNK
2025-04-11 12:00:00+03:00,48.86000061035156,49.91999816894531,48.81999969482422,49.41999816894531,53092488,AKBNK
2025-04-11 16:00:00+03:00,49.41999816894531,49.939998626708984,49.220001220703125,49.7599983215332,27496697,AKBNK
2025-04-14 08:00:00+03:00,50.400001525878906,51.099998474121094,50.349998474121094,50.5,15445176,AKBNK
2025-04-14 12:00:00+03:00,50.5,50.79999923706055,50.0,50.5,31335513,AKBNK
2025-04-14 16:00:00+03:00,50.5,50.650001525878906,50.20000076293945,50.29999923706055,17327772,AKBNK
2025-04-15 08:00:00+03:00,50.20000076293945,50.75,50.0,50.70000076293945,20294824,AKBNK
2025-04-15 12:00:00+03:00,50.650001525878906,51.0,50.599998474121094,50.75,41534340,AKBNK
2025-04-15 16:00:00+03:00,50.70000076293945,50.75,50.25,50.349998474121094,35287270,AKBNK
2025-04-16 08:00:00+03:00,50.29999923706055,51.150001525878906,49.720001220703125,50.650001525878906,32377127,AKBNK
2025-04-16 12:00:00+03:00,50.599998474121094,50.79999923706055,50.25,50.650001525878906,42120407,AKBNK
2025-04-16 16:00:00+03:00,50.599998474121094,50.900001525878906,50.5,50.650001525878906,33331579,AKBNK
2025-04-17 08:00:00+03:00,50.900001525878906,51.849998474121094,50.900001525878906,51.5,29630445,AKBNK
2025-04-17 12:00:00+03:00,51.5,52.0,51.0,51.400001525878906,97043340,AKBNK
2025-04-17 16:00:00+03:00,51.400001525878906,51.5,50.79999923706055,51.25,40324014,AKBNK
2025-04-18 08:00:00+03:00,51.45000076293945,51.54999923706055,50.45000076293945,50.54999923706055,15277995,AKBNK
2025-04-18 12:00:00+03:00,50.54999923706055,50.70000076293945,49.47999954223633,49.97999954223633,48987287,AKBNK
2025-04-18 16:00:00+03:00,49.97999954223633,50.20000076293945,49.540000915527344,49.58000183105469,23119716,AKBNK
2025-04-21 08:00:00+03:00,49.560001373291016,49.58000183105469,48.599998474121094,48.70000076293945,19825365,AKBNK
2025-04-21 12:00:00+03:00,48.70000076293945,51.79999923706055,48.560001373291016,50.599998474121094,84750779,AKBNK
2025-04-21 16:00:00+03:00,50.54999923706055,50.79999923706055,49.41999816894531,49.81999969482422,32848110,AKBNK
2025-04-22 08:00:00+03:00,50.099998474121094,50.45000076293945,49.86000061035156,50.150001525878906,22360126,AKBNK
2025-04-22 12:00:00+03:00,50.150001525878906,50.599998474121094,50.099998474121094,50.45000076293945,30895943,AKBNK
2025-04-22 16:00:00+03:00,50.45000076293945,50.650001525878906,50.25,50.400001525878906,21127216,AKBNK
2025-04-24 08:00:00+03:00,50.75,51.29999923706055,50.650001525878906,51.0,17796033,AKBNK
2025-04-24 12:00:00+03:00,51.0,51.650001525878906,50.79999923706055,51.650001525878906,45139437,AKBNK
2025-04-24 16:00:00+03:00,51.599998474121094,53.54999923706055,51.45000076293945,53.349998474121094,50715283,AKBNK
2025-04-25 08:00:00+03:00,53.599998474121094,53.70000076293945,52.75,52.849998474121094,14531090,AKBNK
2025-04-25 12:00:00+03:00,52.79999923706055,52.900001525878906,51.70000076293945,52.25,48155544,AKBNK
2025-04-25 16:00:00+03:00,52.20000076293945,52.45000076293945,51.650001525878906,51.79999923706055,22266558,AKBNK
2025-04-28 08:00:00+03:00,51.900001525878906,52.0,49.79999923706055,49.900001525878906,34493301,AKBNK
2025-04-28 12:00:00+03:00,49.900001525878906,50.25,49.31999969482422,49.84000015258789,58946469,AKBNK
2025-04-28 16:00:00+03:00,49.84000015258789,50.04999923706055,49.380001068115234,49.41999816894531,27319646,AKBNK
2025-04-29 08:00:00+03:00,49.380001068115234,49.7400016784668,49.20000076293945,49.29999923706055,22020510,AKBNK
2025-04-29 12:00:00+03:00,49.279998779296875,49.380001068115234,48.900001525878906,49.02000045776367,29792241,AKBNK
2025-04-29 16:00:00+03:00,49.02000045776367,49.20000076293945,48.7400016784668,49.08000183105469,22586581,AKBNK
2025-04-30 08:00:00+03:00,49.099998474121094,49.279998779296875,48.68000030517578,48.7400016784668,14343544,AKBNK
2025-04-30 12:00:00+03:00,48.7400016784668,48.81999969482422,47.880001068115234,48.58000183105469,53230501,AKBNK
2025-04-30 16:00:00+03:00,48.599998474121094,48.68000030517578,48.34000015258789,48.560001373291016,32178479,AKBNK
2025-05-02 08:00:00+03:00,48.81999969482422,49.36000061035156,48.63999938964844,49.36000061035156,19862442,AKBNK
2025-05-02 12:00:00+03:00,49.34000015258789,49.7599983215332,49.20000076293945,49.459999084472656,25497706,AKBNK
2025-05-02 16:00:00+03:00,49.439998626708984,49.540000915527344,49.2400016784668,49.5,11101015,AKBNK
2025-05-05 08:00:00+03:00,50.25,50.650001525878906,48.7599983215332,48.900001525878906,15571618,AKBNK
2025-05-05 12:00:00+03:00,48.880001068115234,49.0,48.65999984741211,48.70000076293945,15117921,AKBNK
2025-05-05 16:00:00+03:00,48.70000076293945,49.02000045776367,48.58000183105469,48.63999938964844,13470139,AKBNK
2025-05-06 08:00:00+03:00,48.58000183105469,50.099998474121094,48.58000183105469,49.779998779296875,36508902,AKBNK
2025-05-06 12:00:00+03:00,49.779998779296875,49.900001525878906,49.36000061035156,49.5,26631184,AKBNK
2025-05-06 16:00:00+03:00,49.5,49.540000915527344,49.08000183105469,49.2400016784668,26711662,AKBNK
2025-05-07 08:00:00+03:00,49.2599983215332,49.619998931884766,48.91999816894531,49.400001525878906,17161728,AKBNK
2025-05-07 12:00:00+03:00,49.41999816894531,49.599998474121094,48.91999816894531,49.0,23472035,AKBNK
2025-05-07 16:00:00+03:00,49.0,49.70000076293945,48.959999084472656,49.380001068115234,30913169,AKBNK
2025-05-08 08:00:00+03:00,49.939998626708984,50.400001525878906,49.459999084472656,49.81999969482422,15294625,AKBNK
2025-05-08 12:00:00+03:00,49.79999923706055,50.150001525878906,49.52000045776367,49.7599983215332,25411270,AKBNK
2025-05-08 16:00:00+03:00,49.7599983215332,50.20000076293945,49.599998474121094,49.900001525878906,17143895,AKBNK
2025-05-09 08:00:00+03:00,49.900001525878906,50.04999923706055,48.70000076293945,48.939998626708984,19511082,AKBNK
2025-05-09 12:00:00+03:00,48.939998626708984,50.29999923706055,48.939998626708984,50.20000076293945,73856194,AKBNK
2025-05-09 16:00:00+03:00,50.150001525878906,50.20000076293945,49.70000076293945,49.880001068115234,23207842,AKBNK
2025-05-12 08:00:00+03:00,51.349998474121094,52.25,50.849998474121094,51.79999923706055,34892298,AKBNK
2025-05-12 12:00:00+03:00,51.79999923706055,51.95000076293945,51.599998474121094,51.900001525878906,19548412,AKBNK
2025-05-12 16:00:00+03:00,51.95000076293945,52.349998474121094,51.45000076293945,52.0,31866069,AKBNK
2025-05-13 08:00:00+03:00,51.599998474121094,52.25,51.150001525878906,52.20000076293945,38099534,AKBNK
2025-05-13 12:00:00+03:00,52.20000076293945,52.45000076293945,51.849998474121094,52.400001525878906,51557649,AKBNK
2025-05-13 16:00:00+03:00,52.45000076293945,52.79999923706055,52.099998474121094,52.099998474121094,51399595,AKBNK
2025-05-14 08:00:00+03:00,52.0,52.400001525878906,51.650001525878906,52.20000076293945,32681787,AKBNK
2025-05-14 12:00:00+03:00,52.20000076293945,52.79999923706055,52.099998474121094,52.5,75609470,AKBNK
2025-05-14 16:00:00+03:00,52.54999923706055,52.54999923706055,51.70000076293945,51.849998474121094,40895903,AKBNK
2025-05-15 08:00:00+03:00,51.95000076293945,52.25,51.25,51.45000076293945,19189648,AKBNK
2025-05-15 12:00:00+03:00,51.45000076293945,52.0,51.20000076293945,51.54999923706055,29435232,AKBNK
2025-05-15 16:00:00+03:00,51.5,51.54999923706055,50.599998474121094,50.75,21262392,AKBNK
2025-05-16 08:00:00+03:00,50.79999923706055,51.25,50.5,50.95000076293945,19950834,AKBNK
2025-05-16 12:00:00+03:00,50.900001525878906,51.099998474121094,50.29999923706055,51.04999923706055,41506891,AKBNK
2025-05-16 16:00:00+03:00,51.0,52.150001525878906,50.95000076293945,51.900001525878906,73255725,AKBNK
2025-05-20 08:00:00+03:00,51.900001525878906,53.29999923706055,51.54999923706055,52.599998474121094,64537187,AKBNK
2025-05-20 12:00:00+03:00,52.650001525878906,53.150001525878906,52.5,53.0,50732041,AKBNK
2025-05-20 16:00:00+03:00,52.95000076293945,53.0,52.5,52.599998474121094,27837207,AKBNK
2025-05-21 08:00:00+03:00,52.45000076293945,53.25,52.04999923706055,52.900001525878906,25633699,AKBNK
2025-05-21 12:00:00+03:00,52.900001525878906,53.04999923706055,52.45000076293945,52.70000076293945,25762958,AKBNK
2025-05-21 16:00:00+03:00,52.70000076293945,53.04999923706055,52.25,52.599998474121094,26953713,AKBNK
2025-05-22 08:00:00+03:00,52.849998474121094,54.099998474121094,52.849998474121094,53.79999923706055,44812315,AKBNK
2025-05-22 12:00:00+03:00,53.79999923706055,54.5,52.75,54.099998474121094,56264551,AKBNK
2025-05-22 16:00:00+03:00,54.150001525878906,54.29999923706055,53.79999923706055,54.0,15964324,AKBNK
2025-05-23 08:00:00+03:00,53.54999923706055,54.20000076293945,53.150001525878906,54.04999923706055,23004518,AKBNK
2025-05-23 12:00:00+03:00,54.04999923706055,54.150001525878906,51.599998474121094,51.75,78469932,AKBNK
2025-05-23 16:00:00+03:00,51.75,52.349998474121094,51.54999923706055,51.900001525878906,30583255,AKBNK
2025-05-26 08:00:00+03:00,52.45000076293945,52.5,50.95000076293945,51.25,28292410,AKBNK
2025-05-26 12:00:00+03:00,51.25,51.54999923706055,50.650001525878906,51.5,36539073,AKBNK
2025-05-26 16:00:00+03:00,51.54999923706055,52.099998474121094,51.349998474121094,51.900001525878906,25763960,AKBNK
2025-05-27 08:00:00+03:00,51.95000076293945,52.400001525878906,50.95000076293945,51.25,30036633,AKBNK
2025-05-27 12:00:00+03:00,51.29999923706055,51.5,50.95000076293945,51.25,24261079,AKBNK
2025-05-27 16:00:00+03:00,51.25,51.349998474121094,50.79999923706055,51.0,16273427,AKBNK
2025-05-28 08:00:00+03:00,51.0,52.0,50.900001525878906,51.599998474121094,26013079,AKBNK
2025-05-28 12:00:00+03:00,51.650001525878906,51.95000076293945,51.25,51.400001525878906,24623102,AKBNK
2025-05-28 16:00:00+03:00,51.400001525878906,51.75,51.099998474121094,51.70000076293945,21141781,AKBNK
2025-05-29 08:00:00+03:00,52.150001525878906,52.650001525878906,52.0,52.45000076293945,14333142,AKBNK
2025-05-29 12:00:00+03:00,52.45000076293945,53.25,52.400001525878906,53.20000076293945,32837466,AKBNK
2025-05-29 16:00:00+03:00,53.150001525878906,53.20000076293945,52.54999923706055,52.900001525878906,18110942,AKBNK
2025-05-30 08:00:00+03:00,52.70000076293945,52.900001525878906,51.45000076293945,51.650001525878906,23123482,AKBNK
2025-05-30 12:00:00+03:00,51.599998474121094,51.75,50.849998474121094,51.20000076293945,33936063,AKBNK
2025-05-30 16:00:00+03:00,51.150001525878906,51.400001525878906,50.900001525878906,50.95000076293945,25198523,AKBNK
2025-06-02 08:00:00+03:00,51.04999923706055,52.150001525878906,50.900001525878906,52.099998474121094,19550229,AKBNK
2025-06-02 12:00:00+03:00,52.099998474121094,52.70000076293945,51.849998474121094,52.150001525878906,28930407,AKBNK
2025-06-02 16:00:00+03:00,52.099998474121094,52.400001525878906,51.5,52.29999923706055,26377006,AKBNK
2025-06-03 08:00:00+03:00,53.099998474121094,55.650001525878906,52.900001525878906,55.45000076293945,41175814,AKBNK
2025-06-03 12:00:00+03:00,55.45000076293945,55.95000076293945,55.25,55.900001525878906,37325877,AKBNK
2025-06-03 16:00:00+03:00,55.900001525878906,56.20000076293945,55.45000076293945,55.70000076293945,20149137,AKBNK
2025-06-04 08:00:00+03:00,55.54999923706055,56.150001525878906,55.29999923706055,55.95000076293945,18566703,AKBNK
2025-06-04 12:00:00+03:00,55.900001525878906,56.20000076293945,55.70000076293945,56.099998474121094,18876680,AKBNK
2025-06-04 16:00:00+03:00,56.099998474121094,56.349998474121094,55.95000076293945,56.25,21275138,AKBNK
2025-06-05 08:00:00+03:00,55.849998474121094,56.400001525878906,55.849998474121094,56.349998474121094,15826225,AKBNK
2025-06-05 12:00:00+03:00,56.25,56.25,56.25,56.25,1976875,AKBNK
2025-06-10 08:00:00+03:00,57.04999923706055,59.29999923706055,56.75,59.0,47439539,AKBNK
2025-06-10 12:00:00+03:00,58.95000076293945,59.599998474121094,58.900001525878906,59.400001525878906,31854361,AKBNK
2025-06-10 16:00:00+03:00,59.400001525878906,60.25,59.29999923706055,59.79999923706055,27080122,AKBNK
2025-06-11 08:00:00+03:00,59.849998474121094,60.70000076293945,59.5,60.04999923706055,16518810,AKBNK
2025-06-11 12:00:00+03:00,60.0,60.70000076293945,59.70000076293945,60.400001525878906,33377076,AKBNK
2025-06-11 16:00:00+03:00,60.400001525878906,60.599998474121094,60.099998474121094,60.150001525878906,15387759,AKBNK
2025-06-12 08:00:00+03:00,59.0,60.25,58.95000076293945,59.349998474121094,44375914,AKBNK
2025-06-12 12:00:00+03:00,59.349998474121094,60.0,59.349998474121094,59.849998474121094,22876229,AKBNK
2025-06-12 16:00:00+03:00,59.849998474121094,59.900001525878906,59.099998474121094,59.20000076293945,17222359,AKBNK
2025-06-13 08:00:00+03:00,57.0,59.099998474121094,56.099998474121094,57.900001525878906,66990870,AKBNK
2025-06-13 12:00:00+03:00,57.900001525878906,58.150001525878906,57.150001525878906,57.95000076293945,28550107,AKBNK
2025-06-13 16:00:00+03:00,57.95000076293945,58.849998474121094,57.5,58.75,23524435,AKBNK
2025-06-16 08:00:00+03:00,59.95000076293945,60.150001525878906,59.099998474121094,59.5,30093893,AKBNK
2025-06-16 12:00:00+03:00,59.54999923706055,60.25,59.45000076293945,59.79999923706055,21138065,AKBNK
2025-06-16 16:00:00+03:00,59.79999923706055,60.5,59.650001525878906,60.04999923706055,28208887,AKBNK
2025-06-17 08:00:00+03:00,60.04999923706055,60.150001525878906,58.900001525878906,59.79999923706055,17605593,AKBNK
2025-06-17 12:00:00+03:00,59.79999923706055,60.29999923706055,59.29999923706055,59.5,32452406,AKBNK
2025-06-17 16:00:00+03:00,59.5,59.79999923706055,58.70000076293945,58.79999923706055,17440628,AKBNK
2025-06-18 08:00:00+03:00,58.400001525878906,59.400001525878906,57.849998474121094,58.099998474121094,13351557,AKBNK
2025-06-18 12:00:00+03:00,58.150001525878906,58.599998474121094,57.349998474121094,57.349998474121094,18330595,AKBNK
2025-06-18 16:00:00+03:00,57.400001525878906,58.849998474121094,57.20000076293945,58.54999923706055,23324683,AKBNK
2025-06-19 08:00:00+03:00,59.20000076293945,59.400001525878906,58.54999923706055,58.900001525878906,25030566,AKBNK
2025-06-19 12:00:00+03:00,58.849998474121094,59.099998474121094,56.849998474121094,57.04999923706055,50134231,AKBNK
2025-06-19 16:00:00+03:00,57.04999923706055,57.45000076293945,56.5,57.400001525878906,31682208,AKBNK
2025-06-20 08:00:00+03:00,57.95000076293945,58.599998474121094,57.900001525878906,58.099998474121094,28474000,AKBNK
2025-06-20 12:00:00+03:00,58.099998474121094,58.20000076293945,57.29999923706055,57.349998474121094,15195985,AKBNK
2025-06-20 16:00:00+03:00,57.349998474121094,57.54999923706055,57.099998474121094,57.20000076293945,12267992,AKBNK
2025-06-23 08:00:00+03:00,56.349998474121094,58.099998474121094,56.29999923706055,57.70000076293945,37065634,AKBNK
2025-06-23 12:00:00+03:00,57.75,58.04999923706055,57.45000076293945,57.900001525878906,13611654,AKBNK
2025-06-23 16:00:00+03:00,57.900001525878906,58.099998474121094,57.54999923706055,57.75,12895558,AKBNK
2025-06-24 08:00:00+03:00,61.0,61.45000076293945,59.150001525878906,59.95000076293945,49705514,AKBNK
2025-06-24 12:00:00+03:00,59.95000076293945,60.75,59.79999923706055,60.099998474121094,39819674,AKBNK
2025-06-24 16:00:00+03:00,60.04999923706055,61.29999923706055,59.900001525878906,61.25,28405247,AKBNK
2025-06-25 08:00:00+03:00,61.25,61.45000076293945,60.599998474121094,60.75,12681221,AKBNK
2025-06-25 12:00:00+03:00,60.75,60.900001525878906,60.25,60.45000076293945,23757592,AKBNK
2025-06-25 16:00:00+03:00,60.400001525878906,61.150001525878906,60.099998474121094,60.900001525878906,25230724,AKBNK
2025-06-26 08:00:00+03:00,60.650001525878906,61.70000076293945,60.5,60.70000076293945,31757557,AKBNK
2025-06-26 12:00:00+03:00,60.70000076293945,61.5,60.70000076293945,61.04999923706055,20897630,AKBNK
2025-06-26 16:00:00+03:00,61.04999923706055,61.150001525878906,60.599998474121094,60.79999923706055,12479234,AKBNK
2025-06-27 08:00:00+03:00,60.849998474121094,61.150001525878906,60.29999923706055,60.45000076293945,14335992,AKBNK
2025-06-27 12:00:00+03:00,60.45000076293945,62.849998474121094,60.04999923706055,61.599998474121094,54994758,AKBNK
2025-06-27 16:00:00+03:00,61.599998474121094,62.400001525878906,61.5,62.0,26250323,AKBNK
2025-06-30 08:00:00+03:00,62.900001525878906,66.69999694824219,62.650001525878906,66.5999984741211,71185978,AKBNK
2025-06-30 12:00:00+03:00,66.5999984741211,68.19999694824219,66.3499984741211,68.19999694824219,51067182,AKBNK
2025-06-30 16:00:00+03:00,68.19999694824219,68.19999694824219,67.6500015258789,68.0,34044561,AKBNK
2025-07-01 08:00:00+03:00,68.25,69.5999984741211,67.6500015258789,68.3499984741211,29667542,AKBNK
2025-07-01 12:00:00+03:00,68.4000015258789,68.80000305175781,67.94999694824219,68.44999694824219,25621789,AKBNK
2025-07-01 16:00:00+03:00,68.5,69.30000305175781,68.19999694824219,68.30000305175781,31709949,AKBNK
2025-07-02 08:00:00+03:00,68.30000305175781,70.05000305175781,68.0999984741211,69.8499984741211,36487741,AKBNK
2025-07-02 12:00:00+03:00,69.8499984741211,70.0,68.05000305175781,68.69999694824219,37671102,AKBNK
2025-07-02 16:00:00+03:00,68.69999694824219,69.0999984741211,68.4000015258789,68.94999694824219,15154127,AKBNK
2025-07-03 08:00:00+03:00,70.69999694824219,72.1500015258789,68.30000305175781,68.44999694824219,26602414,AKBNK
2025-07-03 12:00:00+03:00,68.44999694824219,69.6500015258789,68.4000015258789,69.25,26658145,AKBNK
2025-07-03 16:00:00+03:00,69.25,69.30000305175781,68.6500015258789,68.75,16912921,AKBNK
2025-07-04 08:00:00+03:00,68.80000305175781,68.8499984741211,67.9000015258789,68.55000305175781,17597804,AKBNK
2025-07-04 12:00:00+03:00,68.5999984741211,69.1500015258789,68.3499984741211,68.80000305175781,20907173,AKBNK
2025-07-04 16:00:00+03:00,68.80000305175781,69.69999694824219,68.75,69.55000305175781,24084935,AKBNK
